-- SQLINES DEMO *** ---------------------------------------

--
-- SQLINES DEMO *** or table `ref_countries`
--

-- SQLINES FOR EVALUATION USE ONLY (14 DAYS)
CREATE TABLE ref_countries (
  id SMALLINT PRIMARY KEY,
  code VARCHAR(2) DEFAULT NULL,
  name VARCHAR(191) DEFAULT NULL,
  native VARCHAR(191) DEFAULT NULL,
  phones VARCHAR(191) DEFAULT NULL,
  continent VARCHAR(191) DEFAULT NULL,
  capital VARCHAR(191) DEFAULT NULL,
  currencies VARCHAR(191) DEFAULT NULL,
  languages VARCHAR(191) DEFAULT NULL
);


--
-- SQLINES DEMO *** table `ref_countries`
--

INSERT INTO ref_countries (id, code, name, native, phones, continent, capital, currencies, languages)
VALUES
(1, 'AD', 'Andorra', 'Andorra', '["376"]', 'EU', 'Andorra la Vella', '["EUR"]', '["ca"]'),
(2, 'AE', 'United Arab Emirates', 'دولة الإمارات العربية المتحدة', '["971"]', 'AS', 'Abu Dhabi', '["AED"]', '["ar"]'),
(3, 'AF', 'Afghanistan', 'افغانستان', '["93"]', 'AS', 'Kabul', '["AFN"]', '["ps","uz","tk"]'),
(4, 'AG', 'Antigua and Barbuda', 'Antigua and Barbuda', '["1268"]', 'NA', 'Saint John`s', '["XCD"]', '["en"]'),
(5, 'AI', 'Anguilla', 'Anguilla', '["1264"]', 'NA', 'The Valley', '["XCD"]', '["en"]'),
(6, 'AL', 'Albania', 'Shqipëria', '["355"]', 'EU', 'Tirana', '["ALL"]', '["sq"]'),
(7, 'AM', 'Armenia', 'Հայաստան', '["374"]', 'AS', 'Yerevan', '["AMD"]', '["hy","ru"]'),
(8, 'AO', 'Angola', 'Angola', '["244"]', 'AF', 'Luanda', '["AOA"]', '["pt"]'),
(9, 'AQ', 'Antarctica', 'Antarctica', '["672"]', 'AN', NULL, NULL, NULL),
(10, 'AR', 'Argentina', 'Argentina', '["54"]', 'SA', 'Buenos Aires', '["ARS"]', '["es","gn"]'),
(11, 'AS', 'American Samoa', 'American Samoa', '["1684"]', 'OC', 'Pago Pago', '["USD"]', '["en","sm"]'),
(12, 'AT', 'Austria', 'Österreich', '["43"]', 'EU', 'Vienna', '["EUR"]', '["de"]'),
(13, 'AU', 'Australia', 'Australia', '["61"]', 'OC', 'Canberra', '["AUD"]', '["en"]'),
(14, 'AW', 'Aruba', 'Aruba', '["297"]', 'NA', 'Oranjestad', '["AWG"]', '["nl","pa"]'),
(15, 'AX', 'Åland', 'Åland', '["358"]', 'EU', 'Mariehamn', '["EUR"]', '["sv"]'),
(16, 'AZ', 'Azerbaijan', 'Azərbaycan', '["994"]', 'AS', 'Baku', '["AZN"]', '["az"]'),
(17, 'BA', 'Bosnia and Herzegovina', 'Bosna i Hercegovina', '["387"]', 'EU', 'Sarajevo', '["BAM"]', '["bs","hr","sr"]'),
(18, 'BB', 'Barbados', 'Barbados', '["1246"]', 'NA', 'Bridgetown', '["BBD"]', '["en"]'),
(19, 'BD', 'Bangladesh', 'Bangladesh', '["880"]', 'AS', 'Dhaka', '["BDT"]', '["bn"]'),
(20, 'BE', 'Belgium', 'België', '["32"]', 'EU', 'Brussels', '["EUR"]', '["nl","fr","de"]'),
(21, 'BF', 'Burkina Faso', 'Burkina Faso', '["226"]', 'AF', 'Ouagadougou', '["XOF"]', '["fr","ff"]'),
(22, 'BG', 'Bulgaria', 'България', '["359"]', 'EU', 'Sofia', '["BGN"]', '["bg"]'),
(23, 'BH', 'Bahrain', '‏البحرين', '["973"]', 'AS', 'Manama', '["BHD"]', '["ar"]'),
(24, 'BI', 'Burundi', 'Burundi', '["257"]', 'AF', 'Bujumbura', '["BIF"]', '["fr","rn"]'),
(25, 'BJ', 'Benin', 'Bénin', '["229"]', 'AF', 'Porto-Novo', '["XOF"]', '["fr"]'),
(26, 'BL', 'Saint Barthélemy', 'Saint-Barthélemy', '["590"]', 'NA', 'Gustavia', '["EUR"]', '["fr"]'),
(27, 'BM', 'Bermuda', 'Bermuda', '["1441"]', 'NA', 'Hamilton', '["BMD"]', '["en"]'),
(28, 'BN', 'Brunei', 'Negara Brunei Darussalam', '["673"]', 'AS', 'Bandar Seri Begawan', '["BND"]', '["ms"]'),
(29, 'BO', 'Bolivia', 'Bolivia', '["591"]', 'SA', 'Sucre', '["BOB","BOV"]', '["es","ay","qu"]'),
(30, 'BQ', 'Bonaire', 'Bonaire', '["5997"]', 'NA', 'Kralendijk', '["USD"]', '["nl"]'),
(31, 'BR', 'Brazil', 'Brasil', '["55"]', 'SA', 'Brasília', '["BRL"]', '["pt"]'),
(32, 'BS', 'Bahamas', 'Bahamas', '["1242"]', 'NA', 'Nassau', '["BSD"]', '["en"]'),
(33, 'BT', 'Bhutan', 'ʼbrug-yul', '["975"]', 'AS', 'Thimphu', '["BTN","INR"]', '["dz"]'),
(34, 'BV', 'Bouvet Island', 'Bouvetøya', '["47"]', 'AN', NULL, '["NOK"]', '["no","nb","nn"]'),
(35, 'BW', 'Botswana', 'Botswana', '["267"]', 'AF', 'Gaborone', '["BWP"]', '["en","tn"]'),
(36, 'BY', 'Belarus', 'Белару́сь', '["375"]', 'EU', 'Minsk', '["BYN"]', '["be","ru"]'),
(37, 'BZ', 'Belize', 'Belize', '["501"]', 'NA', 'Belmopan', '["BZD"]', '["en","es"]'),
(38, 'CA', 'Canada', 'Canada', '["1"]', 'NA', 'Ottawa', '["CAD"]', '["en","fr"]'),
(39, 'CC', 'Cocos [Keeling] Islands', 'Cocos (Keeling) Islands', '["61"]', 'AS', 'West Island', '["AUD"]', '["en"]'),
(40, 'CD', 'Democratic Republic of the Congo', 'République démocratique du Congo', '["243"]', 'AF', 'Kinshasa', '["CDF"]', '["fr","ln","kg","sw","lu"]'),
(41, 'CF', 'Central African Republic', 'Ködörösêse tî Bêafrîka', '["236"]', 'AF', 'Bangui', '["XAF"]', '["fr","sg"]'),
(42, 'CG', 'Republic of the Congo', 'République du Congo', '["242"]', 'AF', 'Brazzaville', '["XAF"]', '["fr","ln"]'),
(43, 'CH', 'Switzerland', 'Schweiz', '["41"]', 'EU', 'Bern', '["CHE","CHF","CHW"]', '["de","fr","it"]'),
(44, 'CI', 'Ivory Coast', 'Côte d`Ivoire', '["225"]', 'AF', 'Yamoussoukro', '["XOF"]', '["fr"]'),
(45, 'CK', 'Cook Islands', 'Cook Islands', '["682"]', 'OC', 'Avarua', '["NZD"]', '["en"]'),
(46, 'CL', 'Chile', 'Chile', '["56"]', 'SA', 'Santiago', '["CLF","CLP"]', '["es"]'),
(47, 'CM', 'Cameroon', 'Cameroon', '["237"]', 'AF', 'Yaoundé', '["XAF"]', '["en","fr"]'),
(48, 'CN', 'China', '中国', '["86"]', 'AS', 'Beijing', '["CNY"]', '["zh"]'),
(49, 'CO', 'Colombia', 'Colombia', '["57"]', 'SA', 'Bogotá', '["COP"]', '["es"]'),
(50, 'CR', 'Costa Rica', 'Costa Rica', '["506"]', 'NA', 'San José', '["CRC"]', '["es"]'),
(51, 'CU', 'Cuba', 'Cuba', '["53"]', 'NA', 'Havana', '["CUC","CUP"]', '["es"]'),
(52, 'CV', 'Cape Verde', 'Cabo Verde', '["238"]', 'AF', 'Praia', '["CVE"]', '["pt"]'),
(53, 'CW', 'Curacao', 'Curaçao', '["5999"]', 'NA', 'Willemstad', '["ANG"]', '["nl","pa","en"]'),
(54, 'CX', 'Christmas Island', 'Christmas Island', '["61"]', 'AS', 'Flying Fish Cove', '["AUD"]', '["en"]'),
(55, 'CY', 'Cyprus', 'Κύπρος', '["357"]', 'EU', 'Nicosia', '["EUR"]', '["el","tr","hy"]'),
(56, 'CZ', 'Czech Republic', 'Česká republika', '["420"]', 'EU', 'Prague', '["CZK"]', '["cs","sk"]'),
(57, 'DE', 'Germany', 'Deutschland', '["49"]', 'EU', 'Berlin', '["EUR"]', '["de"]'),
(58, 'DJ', 'Djibouti', 'Djibouti', '["253"]', 'AF', 'Djibouti', '["DJF"]', '["fr","ar"]'),
(59, 'DK', 'Denmark', 'Danmark', '["45"]', 'EU', 'Copenhagen', '["DKK"]', '["da"]'),
(60, 'DM', 'Dominica', 'Dominica', '["1767"]', 'NA', 'Roseau', '["XCD"]', '["en"]'),
(61, 'DO', 'Dominican Republic', 'República Dominicana', '["1809","1829","1849"]', 'NA', 'Santo Domingo', '["DOP"]', '["es"]'),
(62, 'DZ', 'Algeria', 'الجزائر', '["213"]', 'AF', 'Algiers', '["DZD"]', '["ar"]'),
(63, 'EC', 'Ecuador', 'Ecuador', '["593"]', 'SA', 'Quito', '["USD"]', '["es"]'),
(64, 'EE', 'Estonia', 'Eesti', '["372"]', 'EU', 'Tallinn', '["EUR"]', '["et"]'),
(65, 'EG', 'Egypt', 'مصر‎', '["20"]', 'AF', 'Cairo', '["EGP"]', '["ar"]'),
(66, 'EH', 'Western Sahara', 'الصحراء الغربية', '["212"]', 'AF', 'El Aaiún', '["MAD","DZD","MRU"]', '["es"]'),
(67, 'ER', 'Eritrea', 'ኤርትራ', '["291"]', 'AF', 'Asmara', '["ERN"]', '["ti","ar","en"]'),
(68, 'ES', 'Spain', 'España', '["34"]', 'EU', 'Madrid', '["EUR"]', '["es","eu","ca","gl","oc"]'),
(69, 'ET', 'Ethiopia', 'ኢትዮጵያ', '["251"]', 'AF', 'Addis Ababa', '["ETB"]', '["am"]'),
(70, 'FI', 'Finland', 'Suomi', '["358"]', 'EU', 'Helsinki', '["EUR"]', '["fi","sv"]'),
(71, 'FJ', 'Fiji', 'Fiji', '["679"]', 'OC', 'Suva', '["FJD"]', '["en","fj","hi","ur"]'),
(72, 'FK', 'Falkland Islands', 'Falkland Islands', '["500"]', 'SA', 'Stanley', '["FKP"]', '["en"]'),
(73, 'FM', 'Micronesia', 'Micronesia', '["691"]', 'OC', 'Palikir', '["USD"]', '["en"]'),
(74, 'FO', 'Faroe Islands', 'Føroyar', '["298"]', 'EU', 'Tórshavn', '["DKK"]', '["fo"]'),
(75, 'FR', 'France', 'France', '["33"]', 'EU', 'Paris', '["EUR"]', '["fr"]'),
(76, 'GA', 'Gabon', 'Gabon', '["241"]', 'AF', 'Libreville', '["XAF"]', '["fr"]'),
(77, 'GB', 'United Kingdom', 'United Kingdom', '["44"]', 'EU', 'London', '["GBP"]', '["en"]'),
(78, 'GD', 'Grenada', 'Grenada', '["1473"]', 'NA', 'St. George`s', '["XCD"]', '["en"]'),
(79, 'GE', 'Georgia', 'საქართველო', '["995"]', 'AS', 'Tbilisi', '["GEL"]', '["ka"]'),
(80, 'GF', 'French Guiana', 'Guyane française', '["594"]', 'SA', 'Cayenne', '["EUR"]', '["fr"]'),
(81, 'GG', 'Guernsey', 'Guernsey', '["44"]', 'EU', 'St. Peter Port', '["GBP"]', '["en","fr"]'),
(82, 'GH', 'Ghana', 'Ghana', '["233"]', 'AF', 'Accra', '["GHS"]', '["en"]'),
(83, 'GI', 'Gibraltar', 'Gibraltar', '["350"]', 'EU', 'Gibraltar', '["GIP"]', '["en"]'),
(84, 'GL', 'Greenland', 'Kalaallit Nunaat', '["299"]', 'NA', 'Nuuk', '["DKK"]', '["kl"]'),
(85, 'GM', 'Gambia', 'Gambia', '["220"]', 'AF', 'Banjul', '["GMD"]', '["en"]'),
(86, 'GN', 'Guinea', 'Guinée', '["224"]', 'AF', 'Conakry', '["GNF"]', '["fr","ff"]'),
(87, 'GP', 'Guadeloupe', 'Guadeloupe', '["590"]', 'NA', 'Basse-Terre', '["EUR"]', '["fr"]'),
(88, 'GQ', 'Equatorial Guinea', 'Guinea Ecuatorial', '["240"]', 'AF', 'Malabo', '["XAF"]', '["es","fr"]'),
(89, 'GR', 'Greece', 'Ελλάδα', '["30"]', 'EU', 'Athens', '["EUR"]', '["el"]'),
(90, 'GS', 'South Georgia and the South Sandwich Islands', 'South Georgia', '["500"]', 'AN', 'King Edward Point', '["GBP"]', '["en"]'),
(91, 'GT', 'Guatemala', 'Guatemala', '["502"]', 'NA', 'Guatemala City', '["GTQ"]', '["es"]'),
(92, 'GU', 'Guam', 'Guam', '["1671"]', 'OC', 'Hagåtña', '["USD"]', '["en","ch","es"]'),
(93, 'GW', 'Guinea-Bissau', 'Guiné-Bissau', '["245"]', 'AF', 'Bissau', '["XOF"]', '["pt"]'),
(94, 'GY', 'Guyana', 'Guyana', '["592"]', 'SA', 'Georgetown', '["GYD"]', '["en"]'),
(95, 'HK', 'Hong Kong', '香港', '["852"]', 'AS', 'City of Victoria', '["HKD"]', '["zh","en"]'),
(96, 'HM', 'Heard Island and McDonald Islands', 'Heard Island and McDonald Islands', '["61"]', 'AN', NULL, '["AUD"]', '["en"]'),
(97, 'HN', 'Honduras', 'Honduras', '["504"]', 'NA', 'Tegucigalpa', '["HNL"]', '["es"]'),
(98, 'HR', 'Croatia', 'Hrvatska', '["385"]', 'EU', 'Zagreb', '["HRK"]', '["hr"]'),
(99, 'HT', 'Haiti', 'Haïti', '["509"]', 'NA', 'Port-au-Prince', '["HTG","USD"]', '["fr","ht"]'),
(100, 'HU', 'Hungary', 'Magyarország', '["36"]', 'EU', 'Budapest', '["HUF"]', '["hu"]'),
(101, 'ID', 'Indonesia', 'Indonesia', '62', 'AS', 'Jakarta', '["IDR"]', '["id"]'),
(102, 'IE', 'Ireland', 'Éire', '["353"]', 'EU', 'Dublin', '["EUR"]', '["ga","en"]'),
(103, 'IL', 'Israel', 'יִשְׂרָאֵל', '["972"]', 'AS', 'Jerusalem', '["ILS"]', '["he","ar"]'),
(104, 'IM', 'Isle of Man', 'Isle of Man', '["44"]', 'EU', 'Douglas', '["GBP"]', '["en","gv"]'),
(105, 'IN', 'India', 'भारत', '["91"]', 'AS', 'New Delhi', '["INR"]', '["hi","en"]'),
(106, 'IO', 'British Indian Ocean Territory', 'British Indian Ocean Territory', '["246"]', 'AS', 'Diego Garcia', '["USD"]', '["en"]'),
(107, 'IQ', 'Iraq', 'العراق', '["964"]', 'AS', 'Baghdad', '["IQD"]', '["ar","ku"]'),
(108, 'IR', 'Iran', 'ایران', '["98"]', 'AS', 'Tehran', '["IRR"]', '["fa"]'),
(109, 'IS', 'Iceland', 'Ísland', '["354"]', 'EU', 'Reykjavik', '["ISK"]', '["is"]'),
(110, 'IT', 'Italy', 'Italia', '["39"]', 'EU', 'Rome', '["EUR"]', '["it"]'),
(111, 'JE', 'Jersey', 'Jersey', '["44"]', 'EU', 'Saint Helier', '["GBP"]', '["en","fr"]'),
(112, 'JM', 'Jamaica', 'Jamaica', '["1876"]', 'NA', 'Kingston', '["JMD"]', '["en"]'),
(113, 'JO', 'Jordan', 'الأردن', '["962"]', 'AS', 'Amman', '["JOD"]', '["ar"]'),
(114, 'JP', 'Japan', '日本', '["81"]', 'AS', 'Tokyo', '["JPY"]', '["ja"]'),
(115, 'KE', 'Kenya', 'Kenya', '["254"]', 'AF', 'Nairobi', '["KES"]', '["en","sw"]'),
(116, 'KG', 'Kyrgyzstan', 'Кыргызстан', '["996"]', 'AS', 'Bishkek', '["KGS"]', '["ky","ru"]'),
(117, 'KH', 'Cambodia', 'Kâmpŭchéa', '["855"]', 'AS', 'Phnom Penh', '["KHR"]', '["km"]'),
(118, 'KI', 'Kiribati', 'Kiribati', '["686"]', 'OC', 'South Tarawa', '["AUD"]', '["en"]'),
(119, 'KM', 'Comoros', 'Komori', '["269"]', 'AF', 'Moroni', '["KMF"]', '["ar","fr"]'),
(120, 'KN', 'Saint Kitts and Nevis', 'Saint Kitts and Nevis', '["1869"]', 'NA', 'Basseterre', '["XCD"]', '["en"]'),
(121, 'KP', 'North Korea', '북한', '["850"]', 'AS', 'Pyongyang', '["KPW"]', '["ko"]'),
(122, 'KR', 'South Korea', '대한민국', '["82"]', 'AS', 'Seoul', '["KRW"]', '["ko"]'),
(123, 'KW', 'Kuwait', 'الكويت', '["965"]', 'AS', 'Kuwait City', '["KWD"]', '["ar"]'),
(124, 'KY', 'Cayman Islands', 'Cayman Islands', '["1345"]', 'NA', 'George Town', '["KYD"]', '["en"]'),
(125, 'KZ', 'Kazakhstan', 'Қазақстан', '["76","77"]', 'AS', 'Astana', '["KZT"]', '["kk","ru"]'),
(126, 'LA', 'Laos', 'ສປປລາວ', '["856"]', 'AS', 'Vientiane', '["LAK"]', '["lo"]'),
(127, 'LB', 'Lebanon', 'لبنان', '["961"]', 'AS', 'Beirut', '["LBP"]', '["ar","fr"]'),
(128, 'LC', 'Saint Lucia', 'Saint Lucia', '["1758"]', 'NA', 'Castries', '["XCD"]', '["en"]'),
(129, 'LI', 'Liechtenstein', 'Liechtenstein', '["423"]', 'EU', 'Vaduz', '["CHF"]', '["de"]'),
(130, 'LK', 'Sri Lanka', 'śrī laṃkāva', '["94"]', 'AS', 'Colombo', '["LKR"]', '["si","ta"]'),
(131, 'LR', 'Liberia', 'Liberia', '["231"]', 'AF', 'Monrovia', '["LRD"]', '["en"]'),
(132, 'LS', 'Lesotho', 'Lesotho', '["266"]', 'AF', 'Maseru', '["LSL","ZAR"]', '["en","st"]'),
(133, 'LT', 'Lithuania', 'Lietuva', '["370"]', 'EU', 'Vilnius', '["EUR"]', '["lt"]'),
(134, 'LU', 'Luxembourg', 'Luxembourg', '["352"]', 'EU', 'Luxembourg', '["EUR"]', '["fr","de","lb"]'),
(135, 'LV', 'Latvia', 'Latvija', '["371"]', 'EU', 'Riga', '["EUR"]', '["lv"]'),
(136, 'LY', 'Libya', '‏ليبيا', '["218"]', 'AF', 'Tripoli', '["LYD"]', '["ar"]'),
(137, 'MA', 'Morocco', 'المغرب', '["212"]', 'AF', 'Rabat', '["MAD"]', '["ar"]'),
(138, 'MC', 'Monaco', 'Monaco', '["377"]', 'EU', 'Monaco', '["EUR"]', '["fr"]'),
(139, 'MD', 'Moldova', 'Moldova', '["373"]', 'EU', 'Chișinău', '["MDL"]', '["ro"]'),
(140, 'ME', 'Montenegro', 'Црна Гора', '["382"]', 'EU', 'Podgorica', '["EUR"]', '["sr","bs","sq","hr"]'),
(141, 'MF', 'Saint Martin', 'Saint-Martin', '["590"]', 'NA', 'Marigot', '["EUR"]', '["en","fr","nl"]'),
(142, 'MG', 'Madagascar', 'Madagasikara', '["261"]', 'AF', 'Antananarivo', '["MGA"]', '["fr","mg"]'),
(143, 'MH', 'Marshall Islands', 'M̧ajeļ', '["692"]', 'OC', 'Majuro', '["USD"]', '["en","mh"]'),
(144, 'MK', 'North Macedonia', 'Северна Македонија', '["389"]', 'EU', 'Skopje', '["MKD"]', '["mk"]'),
(145, 'ML', 'Mali', 'Mali', '["223"]', 'AF', 'Bamako', '["XOF"]', '["fr"]'),
(146, 'MM', 'Myanmar [Burma]', 'မြန်မာ', '["95"]', 'AS', 'Naypyidaw', '["MMK"]', '["my"]'),
(147, 'MN', 'Mongolia', 'Монгол улс', '["976"]', 'AS', 'Ulan Bator', '["MNT"]', '["mn"]'),
(148, 'MO', 'Macao', '澳門', '["853"]', 'AS', NULL, '["MOP"]', '["zh","pt"]'),
(149, 'MP', 'Northern Mariana Islands', 'Northern Mariana Islands', '["1670"]', 'OC', 'Saipan', '["USD"]', '["en","ch"]'),
(150, 'MQ', 'Martinique', 'Martinique', '["596"]', 'NA', 'Fort-de-France', '["EUR"]', '["fr"]'),
(151, 'MR', 'Mauritania', 'موريتانيا', '["222"]', 'AF', 'Nouakchott', '["MRU"]', '["ar"]'),
(152, 'MS', 'Montserrat', 'Montserrat', '["1664"]', 'NA', 'Plymouth', '["XCD"]', '["en"]'),
(153, 'MT', 'Malta', 'Malta', '["356"]', 'EU', 'Valletta', '["EUR"]', '["mt","en"]'),
(154, 'MU', 'Mauritius', 'Maurice', '["230"]', 'AF', 'Port Louis', '["MUR"]', '["en"]'),
(155, 'MV', 'Maldives', 'Maldives', '["960"]', 'AS', 'Malé', '["MVR"]', '["dv"]'),
(156, 'MW', 'Malawi', 'Malawi', '["265"]', 'AF', 'Lilongwe', '["MWK"]', '["en","ny"]'),
(157, 'MX', 'Mexico', 'México', '["52"]', 'NA', 'Mexico City', '["MXN"]', '["es"]'),
(158, 'MY', 'Malaysia', 'Malaysia', '["60"]', 'AS', 'Kuala Lumpur', '["MYR"]', '["ms"]'),
(159, 'MZ', 'Mozambique', 'Moçambique', '["258"]', 'AF', 'Maputo', '["MZN"]', '["pt"]'),
(160, 'NA', 'Namibia', 'Namibia', '["264"]', 'AF', 'Windhoek', '["NAD","ZAR"]', '["en","af"]'),
(161, 'NC', 'New Caledonia', 'Nouvelle-Calédonie', '["687"]', 'OC', 'Nouméa', '["XPF"]', '["fr"]'),
(162, 'NE', 'Niger', 'Niger', '["227"]', 'AF', 'Niamey', '["XOF"]', '["fr"]'),
(163, 'NF', 'Norfolk Island', 'Norfolk Island', '["672"]', 'OC', 'Kingston', '["AUD"]', '["en"]'),
(164, 'NG', 'Nigeria', 'Nigeria', '["234"]', 'AF', 'Abuja', '["NGN"]', '["en"]'),
(165, 'NI', 'Nicaragua', 'Nicaragua', '["505"]', 'NA', 'Managua', '["NIO"]', '["es"]'),
(166, 'NL', 'Netherlands', 'Nederland', '["31"]', 'EU', 'Amsterdam', '["EUR"]', '["nl"]'),
(167, 'NO', 'Norway', 'Norge', '["47"]', 'EU', 'Oslo', '["NOK"]', '["no","nb","nn"]'),
(168, 'NP', 'Nepal', 'नपल', '["977"]', 'AS', 'Kathmandu', '["NPR"]', '["ne"]'),
(169, 'NR', 'Nauru', 'Nauru', '["674"]', 'OC', 'Yaren', '["AUD"]', '["en","na"]'),
(170, 'NU', 'Niue', 'Niuē', '["683"]', 'OC', 'Alofi', '["NZD"]', '["en"]'),
(171, 'NZ', 'New Zealand', 'New Zealand', '["64"]', 'OC', 'Wellington', '["NZD"]', '["en","mi"]'),
(172, 'OM', 'Oman', 'عمان', '["968"]', 'AS', 'Muscat', '["OMR"]', '["ar"]'),
(173, 'PA', 'Panama', 'Panamá', '["507"]', 'NA', 'Panama City', '["PAB","USD"]', '["es"]'),
(174, 'PE', 'Peru', 'Perú', '["51"]', 'SA', 'Lima', '["PEN"]', '["es"]'),
(175, 'PF', 'French Polynesia', 'Polynésie française', '["689"]', 'OC', 'Papeetē', '["XPF"]', '["fr"]'),
(176, 'PG', 'Papua New Guinea', 'Papua Niugini', '["675"]', 'OC', 'Port Moresby', '["PGK"]', '["en"]'),
(177, 'PH', 'Philippines', 'Pilipinas', '["63"]', 'AS', 'Manila', '["PHP"]', '["en"]'),
(178, 'PK', 'Pakistan', 'Pakistan', '["92"]', 'AS', 'Islamabad', '["PKR"]', '["en","ur"]'),
(179, 'PL', 'Poland', 'Polska', '["48"]', 'EU', 'Warsaw', '["PLN"]', '["pl"]'),
(180, 'PM', 'Saint Pierre and Miquelon', 'Saint-Pierre-et-Miquelon', '["508"]', 'NA', 'Saint-Pierre', '["EUR"]', '["fr"]'),
(181, 'PN', 'Pitcairn Islands', 'Pitcairn Islands', '["64"]', 'OC', 'Adamstown', '["NZD"]', '["en"]'),
(182, 'PR', 'Puerto Rico', 'Puerto Rico', '["1787","1939"]', 'NA', 'San Juan', '["USD"]', '["es","en"]'),
(183, 'PS', 'Palestine', 'فلسطين', '["970"]', 'AS', 'Ramallah', '["ILS"]', '["ar"]'),
(184, 'PT', 'Portugal', 'Portugal', '["351"]', 'EU', 'Lisbon', '["EUR"]', '["pt"]'),
(185, 'PW', 'Palau', 'Palau', '["680"]', 'OC', 'Ngerulmud', '["USD"]', '["en"]'),
(186, 'PY', 'Paraguay', 'Paraguay', '["595"]', 'SA', 'Asunción', '["PYG"]', '["es","gn"]'),
(187, 'QA', 'Qatar', 'قطر', '["974"]', 'AS', 'Doha', '["QAR"]', '["ar"]'),
(188, 'RE', 'Réunion', 'La Réunion', '["262"]', 'AF', 'Saint-Denis', '["EUR"]', '["fr"]'),
(189, 'RO', 'Romania', 'România', '["40"]', 'EU', 'Bucharest', '["RON"]', '["ro"]'),
(190, 'RS', 'Serbia', 'Србија', '["381"]', 'EU', 'Belgrade', '["RSD"]', '["sr"]'),
(191, 'RU', 'Russia', 'Россия', '["7"]', 'EU', 'Moscow', '["RUB"]', '["ru"]'),
(192, 'RW', 'Rwanda', 'Rwanda', '["250"]', 'AF', 'Kigali', '["RWF"]', '["rw","en","fr"]'),
(193, 'SA', 'Saudi Arabia', 'العربية السعودية', '["966"]', 'AS', 'Riyadh', '["SAR"]', '["ar"]'),
(194, 'SB', 'Solomon Islands', 'Solomon Islands', '["677"]', 'OC', 'Honiara', '["SBD"]', '["en"]'),
(195, 'SC', 'Seychelles', 'Seychelles', '["248"]', 'AF', 'Victoria', '["SCR"]', '["fr","en"]'),
(196, 'SD', 'Sudan', 'السودان', '["249"]', 'AF', 'Khartoum', '["SDG"]', '["ar","en"]'),
(197, 'SE', 'Sweden', 'Sverige', '["46"]', 'EU', 'Stockholm', '["SEK"]', '["sv"]'),
(198, 'SG', 'Singapore', 'Singapore', '["65"]', 'AS', 'Singapore', '["SGD"]', '["en","ms","ta","zh"]'),
(199, 'SH', 'Saint Helena', 'Saint Helena', '["290"]', 'AF', 'Jamestown', '["SHP"]', '["en"]'),
(200, 'SI', 'Slovenia', 'Slovenija', '["386"]', 'EU', 'Ljubljana', '["EUR"]', '["sl"]'),
(201, 'SJ', 'Svalbard and Jan Mayen', 'Svalbard og Jan Mayen', '["4779"]', 'EU', 'Longyearbyen', '["NOK"]', '["no"]'),
(202, 'SK', 'Slovakia', 'Slovensko', '["421"]', 'EU', 'Bratislava', '["EUR"]', '["sk"]'),
(203, 'SL', 'Sierra Leone', 'Sierra Leone', '["232"]', 'AF', 'Freetown', '["SLL"]', '["en"]'),
(204, 'SM', 'San Marino', 'San Marino', '["378"]', 'EU', 'City of San Marino', '["EUR"]', '["it"]'),
(205, 'SN', 'Senegal', 'Sénégal', '["221"]', 'AF', 'Dakar', '["XOF"]', '["fr"]'),
(206, 'SO', 'Somalia', 'Soomaaliya', '["252"]', 'AF', 'Mogadishu', '["SOS"]', '["so","ar"]'),
(207, 'SR', 'Suriname', 'Suriname', '["597"]', 'SA', 'Paramaribo', '["SRD"]', '["nl"]'),
(208, 'SS', 'South Sudan', 'South Sudan', '["211"]', 'AF', 'Juba', '["SSP"]', '["en"]'),
(209, 'ST', 'São Tomé and Príncipe', 'São Tomé e Príncipe', '["239"]', 'AF', 'São Tomé', '["STN"]', '["pt"]'),
(210, 'SV', 'El Salvador', 'El Salvador', '["503"]', 'NA', 'San Salvador', '["SVC","USD"]', '["es"]'),
(211, 'SX', 'Sint Maarten', 'Sint Maarten', '["1721"]', 'NA', 'Philipsburg', '["ANG"]', '["nl","en"]'),
(212, 'SY', 'Syria', 'سوريا', '["963"]', 'AS', 'Damascus', '["SYP"]', '["ar"]'),
(213, 'SZ', 'Swaziland', 'Swaziland', '["268"]', 'AF', 'Lobamba', '["SZL"]', '["en","ss"]'),
(214, 'TC', 'Turks and Caicos Islands', 'Turks and Caicos Islands', '["1649"]', 'NA', 'Cockburn Town', '["USD"]', '["en"]'),
(215, 'TD', 'Chad', 'Tchad', '["235"]', 'AF', 'N`Djamena', '["XAF"]', '["fr","ar"]'),
(216, 'TF', 'French Southern Territories', 'Territoire des Terres australes et antarctiques fr', '["262"]', 'AN', 'Port-aux-Français', '["EUR"]', '["fr"]'),
(217, 'TG', 'Togo', 'Togo', '["228"]', 'AF', 'Lomé', '["XOF"]', '["fr"]'),
(218, 'TH', 'Thailand', 'ประเทศไทย', '["66"]', 'AS', 'Bangkok', '["THB"]', '["th"]'),
(219, 'TJ', 'Tajikistan', 'Тоҷикистон', '["992"]', 'AS', 'Dushanbe', '["TJS"]', '["tg","ru"]'),
(220, 'TK', 'Tokelau', 'Tokelau', '["690"]', 'OC', 'Fakaofo', '["NZD"]', '["en"]'),
(221, 'TL', 'East Timor', 'Timor-Leste', '["670"]', 'OC', 'Dili', '["USD"]', '["pt"]'),
(222, 'TM', 'Turkmenistan', 'Türkmenistan', '["993"]', 'AS', 'Ashgabat', '["TMT"]', '["tk","ru"]'),
(223, 'TN', 'Tunisia', 'تونس', '["216"]', 'AF', 'Tunis', '["TND"]', '["ar"]'),
(224, 'TO', 'Tonga', 'Tonga', '["676"]', 'OC', 'Nuku`alofa', '["TOP"]', '["en","to"]'),
(225, 'TR', 'Turkey', 'Türkiye', '["90"]', 'AS', 'Ankara', '["TRY"]', '["tr"]'),
(226, 'TT', 'Trinidad and Tobago', 'Trinidad and Tobago', '["1868"]', 'NA', 'Port of Spain', '["TTD"]', '["en"]'),
(227, 'TV', 'Tuvalu', 'Tuvalu', '["688"]', 'OC', 'Funafuti', '["AUD"]', '["en"]'),
(228, 'TW', 'Taiwan', '臺灣', '["886"]', 'AS', 'Taipei', '["TWD"]', '["zh"]'),
(229, 'TZ', 'Tanzania', 'Tanzania', '["255"]', 'AF', 'Dodoma', '["TZS"]', '["sw","en"]'),
(230, 'UA', 'Ukraine', 'Україна', '["380"]', 'EU', 'Kyiv', '["UAH"]', '["uk"]'),
(231, 'UG', 'Uganda', 'Uganda', '["256"]', 'AF', 'Kampala', '["UGX"]', '["en","sw"]'),
(232, 'UM', 'U.S. Minor Outlying Islands', 'United States Minor Outlying Islands', '["1"]', 'OC', NULL, '["USD"]', '["en"]'),
(233, 'US', 'United States', 'United States', '["1"]', 'NA', 'Washington D.C.', '["USD","USN","USS"]', '["en"]'),
(234, 'UY', 'Uruguay', 'Uruguay', '["598"]', 'SA', 'Montevideo', '["UYI","UYU"]', '["es"]'),
(235, 'UZ', 'Uzbekistan', 'O‘zbekiston', '["998"]', 'AS', 'Tashkent', '["UZS"]', '["uz","ru"]'),
(236, 'VA', 'Vatican City', 'Vaticano', '["379"]', 'EU', 'Vatican City', '["EUR"]', '["it","la"]'),
(237, 'VC', 'Saint Vincent and the Grenadines', 'Saint Vincent and the Grenadines', '["1784"]', 'NA', 'Kingstown', '["XCD"]', '["en"]'),
(238, 'VE', 'Venezuela', 'Venezuela', '["58"]', 'SA', 'Caracas', '["VES"]', '["es"]'),
(239, 'VG', 'British Virgin Islands', 'British Virgin Islands', '["1284"]', 'NA', 'Road Town', '["USD"]', '["en"]'),
(240, 'VI', 'U.S. Virgin Islands', 'United States Virgin Islands', '["1340"]', 'NA', 'Charlotte Amalie', '["USD"]', '["en"]'),
(241, 'VN', 'Vietnam', 'Việt Nam', '["84"]', 'AS', 'Hanoi', '["VND"]', '["vi"]'),
(242, 'VU', 'Vanuatu', 'Vanuatu', '["678"]', 'OC', 'Port Vila', '["VUV"]', '["bi","en","fr"]'),
(243, 'WF', 'Wallis and Futuna', 'Wallis et Futuna', '["681"]', 'OC', 'Mata-Utu', '["XPF"]', '["fr"]'),
(244, 'WS', 'Samoa', 'Samoa', '["685"]', 'OC', 'Apia', '["WST"]', '["sm","en"]'),
(245, 'XK', 'Kosovo', 'Republika e Kosovës', '["377","381","383","386"]', 'EU', 'Pristina', '["EUR"]', '["sq","sr"]'),
(246, 'YE', 'Yemen', 'اليَمَن', '["967"]', 'AS', 'Sana`a', '["YER"]', '["ar"]'),
(247, 'YT', 'Mayotte', 'Mayotte', '["262"]', 'AF', 'Mamoudzou', '["EUR"]', '["fr"]'),
(248, 'ZA', 'South Africa', 'South Africa', '["27"]', 'AF', 'Pretoria', '["ZAR"]', '["af","en","nr","st","ss","tn","ts","ve","xh","zu"]'),
(249, 'ZM', 'Zambia', 'Zambia', '["260"]', 'AF', 'Lusaka', '["ZMW"]', '["en"]'),
(250, 'ZW', 'Zimbabwe', 'Zimbabwe', '["263"]', 'AF', 'Harare', '["USD","ZAR","BWP","GBP","AUD","CNY","INR","JP"]', '["en","sn","nd"]');

-- SQLINES DEMO *** ---------------------------------------

INSERT INTO cmp_ptkps (id, sex, mariage, child, value, created_at, updated_at, deleted_at) VALUES
(1, 1, 2, 0, 54000000, NULL, NULL, NULL),
(2, 1, 2, 1, 58500000, NULL, NULL, NULL),
(3, 1, 2, 2, 63000000, NULL, NULL, NULL),
(4, 1, 2, 3, 67500000, NULL, NULL, NULL),
(5, 1, 1, 0, 58500000, NULL, NULL, NULL),
(6, 1, 1, 1, 63000000, NULL, NULL, NULL),
(7, 1, 1, 2, 67500000, NULL, NULL, NULL),
(8, 1, 1, 3, 72000000, NULL, NULL, NULL),
(9, 1, 4, 0, 58500000, NULL, NULL, NULL),
(10, 1, 4, 1, 63000000, NULL, NULL, NULL),
(11, 1, 4, 2, 67500000, NULL, NULL, NULL),
(12, 1, 4, 3, 72000000, NULL, NULL, NULL),
(13, 2, 2, 0, 54000000, NULL, NULL, NULL),
(14, 2, 2, 1, 58500000, NULL, NULL, NULL),
(15, 2, 2, 2, 63000000, NULL, NULL, NULL),
(16, 2, 2, 3, 67500000, NULL, NULL, NULL),
(17, 2, 1, 0, 54000000, NULL, NULL, NULL),
(18, 2, 1, 1, 58500000, NULL, NULL, NULL),
(19, 2, 1, 2, 63000000, NULL, NULL, NULL),
(20, 2, 1, 3, 67500000, NULL, NULL, NULL),
(21, 2, 3, 0, 54000000, NULL, NULL, NULL),
(22, 2, 3, 1, 54000000, NULL, NULL, NULL),
(23, 2, 3, 2, 54000000, NULL, NULL, NULL),
(24, 2, 3, 3, 54000000, NULL, NULL, NULL);



-- --------------------------------------------------------

--
-- Table structure for table `ref_languages`
--

CREATE TABLE ref_languages (
  id SMALLINT PRIMARY KEY,
  code VARCHAR(191) NOT NULL DEFAULT '',
  name VARCHAR(191) NOT NULL DEFAULT '',
  native VARCHAR(191) NOT NULL DEFAULT '',
  rtl SMALLINT NOT NULL DEFAULT 0
);

--
-- Dumping data for table `ref_languages`
--

INSERT INTO ref_languages (id, code, name, native, rtl)
VALUES
(1, 'af', 'Afrikaans', 'Afrikaans', 0),
(2, 'am', 'Amharic', 'አማርኛ', 0),
(3, 'ar', 'Arabic', 'العربية', 1),
(4, 'ay', 'Aymara', 'Aymar', 0),
(5, 'az', 'Azerbaijani', 'Azərbaycanca / آذربايجان', 0),
(6, 'be', 'Belarusian', 'Беларуская', 0),
(7, 'bg', 'Bulgarian', 'Български', 0),
(8, 'bi', 'Bislama', 'Bislama', 0),
(9, 'bn', 'Bengali', 'বাংলা', 0),
(10, 'bs', 'Bosnian', 'Bosanski', 0),
(11, 'ca', 'Catalan', 'Català', 0),
(12, 'ch', 'Chamorro', 'Chamoru', 0),
(13, 'cs', 'Czech', 'Čeština', 0),
(14, 'da', 'Danish', 'Dansk', 0),
(15, 'de', 'German', 'Deutsch', 0),
(16, 'dv', 'Divehi', 'ދިވެހިބަސް', 1),
(17, 'dz', 'Dzongkha', 'ཇོང་ཁ', 0),
(18, 'el', 'Greek', 'Ελληνικά', 0),
(19, 'en', 'English', 'English', 0),
(20, 'es', 'Spanish', 'Español', 0),
(21, 'et', 'Estonian', 'Eesti', 0),
(22, 'eu', 'Basque', 'Euskara', 0),
(23, 'fa', 'Persian', 'فارسی', 1),
(24, 'ff', 'Peul', 'Fulfulde', 0),
(25, 'fi', 'Finnish', 'Suomi', 0),
(26, 'fj', 'Fijian', 'Na Vosa Vakaviti', 0),
(27, 'fo', 'Faroese', 'Føroyskt', 0),
(28, 'fr', 'French', 'Français', 0),
(29, 'ga', 'Irish', 'Gaeilge', 0),
(30, 'gl', 'Galician', 'Galego', 0),
(31, 'gn', 'Guarani', 'Avañe`ẽ', 0),
(32, 'gv', 'Manx', 'Gaelg', 0),
(33, 'he', 'Hebrew', 'עברית', 1),
(34, 'hi', 'Hindi', 'हिन्दी', 0),
(35, 'hr', 'Croatian', 'Hrvatski', 0),
(36, 'ht', 'Haitian', 'Krèyol ayisyen', 0),
(37, 'hu', 'Hungarian', 'Magyar', 0),
(38, 'hy', 'Armenian', 'Հայերեն', 0),
(39, 'id', 'Indonesian', 'Bahasa Indonesia', 0),
(40, 'is', 'Icelandic', 'Íslenska', 0),
(41, 'it', 'Italian', 'Italiano', 0),
(42, 'ja', 'Japanese', '日本語', 0),
(43, 'ka', 'Georgian', 'ქართული', 0),
(44, 'kg', 'Kongo', 'KiKongo', 0),
(45, 'kk', 'Kazakh', 'Қазақша', 0),
(46, 'kl', 'Greenlandic', 'Kalaallisut', 0),
(47, 'km', 'Cambodian', 'ភាសាខ្មែរ', 0),
(48, 'ko', 'Korean', '한국어', 0),
(49, 'ku', 'Kurdish', 'Kurdî / كوردی', 1),
(50, 'ky', 'Kyrgyz', 'Кыргызча', 0),
(51, 'la', 'Latin', 'Latina', 0),
(52, 'lb', 'Luxembourgish', 'Lëtzebuergesch', 0),
(53, 'ln', 'Lingala', 'Lingála', 0),
(54, 'lo', 'Laotian', 'ລາວ / Pha xa lao', 0),
(55, 'lt', 'Lithuanian', 'Lietuvių', 0),
(56, 'lu', 'Luba-Katanga', 'Tshiluba', 0),
(57, 'lv', 'Latvian', 'Latviešu', 0),
(58, 'mg', 'Malagasy', 'Malagasy', 0),
(59, 'mh', 'Marshallese', 'Kajin Majel / Ebon', 0),
(60, 'mi', 'Maori', 'Māori', 0),
(61, 'mk', 'Macedonian', 'Македонски', 0),
(62, 'mn', 'Mongolian', 'Монгол', 0),
(63, 'ms', 'Malay', 'Bahasa Melayu', 0),
(64, 'mt', 'Maltese', 'bil-Malti', 0),
(65, 'my', 'Burmese', 'မြန်မာစာ', 0),
(66, 'na', 'Nauruan', 'Dorerin Naoero', 0),
(67, 'nb', 'Norwegian Bokmål', 'Norsk bokmål', 0),
(68, 'nd', 'North Ndebele', 'Sindebele', 0),
(69, 'ne', 'Nepali', 'नेपाली', 0),
(70, 'nl', 'Dutch', 'Nederlands', 0),
(71, 'nn', 'Norwegian Nynorsk', 'Norsk nynorsk', 0),
(72, 'no', 'Norwegian', 'Norsk', 0),
(73, 'nr', 'South Ndebele', 'isiNdebele', 0),
(74, 'ny', 'Chichewa', 'Chi-Chewa', 0),
(75, 'oc', 'Occitan', 'Occitan', 0),
(76, 'pa', 'Panjabi / Punjabi', 'ਪੰਜਾਬੀ / पंजाबी / پنجابي', 0),
(77, 'pl', 'Polish', 'Polski', 0),
(78, 'ps', 'Pashto', 'پښتو', 1),
(79, 'pt', 'Portuguese', 'Português', 0),
(80, 'qu', 'Quechua', 'Runa Simi', 0),
(81, 'rn', 'Kirundi', 'Kirundi', 0),
(82, 'ro', 'Romanian', 'Română', 0),
(83, 'ru', 'Russian', 'Русский', 0),
(84, 'rw', 'Rwandi', 'Kinyarwandi', 0),
(85, 'sg', 'Sango', 'Sängö', 0),
(86, 'si', 'Sinhalese', 'සිංහල', 0),
(87, 'sk', 'Slovak', 'Slovenčina', 0),
(88, 'sl', 'Slovenian', 'Slovenščina', 0),
(89, 'sm', 'Samoan', 'Gagana Samoa', 0),
(90, 'sn', 'Shona', 'chiShona', 0),
(91, 'so', 'Somalia', 'Soomaaliga', 0),
(92, 'sq', 'Albanian', 'Shqip', 0),
(93, 'sr', 'Serbian', 'Српски', 0),
(94, 'ss', 'Swati', 'SiSwati', 0),
(95, 'st', 'Southern Sotho', 'Sesotho', 0),
(96, 'sv', 'Swedish', 'Svenska', 0),
(97, 'sw', 'Swahili', 'Kiswahili', 0),
(98, 'ta', 'Tamil', 'தமிழ்', 0),
(99, 'tg', 'Tajik', 'Тоҷикӣ', 0),
(100, 'th', 'Thai', 'ไทย / Phasa Thai', 0),
(101, 'ti', 'Tigrinya', 'ትግርኛ', 0),
(102, 'tk', 'Turkmen', 'Туркмен / تركمن', 0),
(103, 'tn', 'Tswana', 'Setswana', 0),
(104, 'to', 'Tonga', 'Lea Faka-Tonga', 0),
(105, 'tr', 'Turkish', 'Türkçe', 0),
(106, 'ts', 'Tsonga', 'Xitsonga', 0),
(107, 'uk', 'Ukrainian', 'Українська', 0),
(108, 'ur', 'Urdu', 'اردو', 1),
(109, 'uz', 'Uzbek', 'Ўзбек', 0),
(110, 've', 'Venda', 'Tshivenḓa', 0),
(111, 'vi', 'Vietnamese', 'Tiếng Việt', 0),
(112, 'xh', 'Xhosa', 'isiXhosa', 0),
(113, 'zh', 'Chinese', '中文', 0),
(114, 'zu', 'Zulu', 'isiZulu', 0);

--
-- SQLINES DEMO *** d tables
--

--
-- SQLINES DEMO ***  `ref_countries`
--
ALTER TABLE ref_countries
  ADD CONSTRAINT unique_code UNIQUE (code);

CREATE INDEX idx_continent ON ref_countries (continent);

CREATE TABLE ref_country_states (
  id INTEGER PRIMARY KEY, -- ID tidak auto-increment
  country_id SMALLINT NOT NULL,
  name VARCHAR(191) DEFAULT NULL
);

 INSERT INTO ref_country_states (id, country_id, name) VALUES
(1, 1, 'Andorra la Vella'),
(2, 1, 'Canillo'),
(3, 1, 'Encamp'),
(4, 1, 'Escaldes-Engordany'),
(5, 1, 'La Massana'),
(6, 1, 'Ordino'),
(7, 1, 'Sant Julia de Loria'),
(8, 2, 'Abu Dhabi'),
(9, 2, '`Ajman'),
(10, 2, 'Al Fujayrah'),
(11, 2, 'Sharjah'),
(12, 2, 'Dubai'),
(13, 2, 'Ra`s al Khaymah'),
(14, 2, 'Umm al Qaywayn'),
(15, 3, 'Badakhshan'),
(16, 3, 'Badghis'),
(17, 3, 'Baghlan'),
(18, 3, 'Balkh'),
(19, 3, 'Bamian'),
(20, 3, 'Daykondi'),
(21, 3, 'Farah'),
(22, 3, 'Faryab'),
(23, 3, 'Ghazni'),
(24, 3, 'Ghowr'),
(25, 3, 'Helmand'),
(26, 3, 'Herat'),
(27, 3, 'Jowzjan'),
(28, 3, 'Kabul'),
(29, 3, 'Kandahar'),
(30, 3, 'Kapisa'),
(31, 3, 'Khost'),
(32, 3, 'Konar'),
(33, 3, 'Kondoz'),
(34, 3, 'Laghman'),
(35, 3, 'Lowgar'),
(36, 3, 'Nangarhar'),
(37, 3, 'Nimruz'),
(38, 3, 'Nurestan'),
(39, 3, 'Oruzgan'),
(40, 3, 'Paktia'),
(41, 3, 'Paktika'),
(42, 3, 'Panjshir'),
(43, 3, 'Parvan'),
(44, 3, 'Samangan'),
(45, 3, 'Sar-e Pol'),
(46, 3, 'Takhar'),
(47, 3, 'Vardak'),
(48, 3, 'Zabol'),
(49, 4, 'Barbuda'),
(50, 4, 'Redonda'),
(51, 4, 'Saint George'),
(52, 4, 'Saint John'),
(53, 4, 'Saint Mary'),
(54, 4, 'Saint Paul'),
(55, 4, 'Saint Peter'),
(56, 4, 'Saint Philip'),
(57, 6, 'Berat'),
(58, 6, 'Dibres'),
(59, 6, 'Durres'),
(60, 6, 'Elbasan'),
(61, 6, 'Fier'),
(62, 6, 'Gjirokastre'),
(63, 6, 'Korce'),
(64, 6, 'Kukes'),
(65, 6, 'Lezhe'),
(66, 6, 'Shkoder'),
(67, 6, 'Tirane'),
(68, 6, 'Vlore'),
(69, 7, 'Aragatsotn'),
(70, 7, 'Ararat'),
(71, 7, 'Armavir'),
(72, 7, 'Geghark`unik'),
(73, 7, 'Kotayk'),
(74, 7, 'Lorri'),
(75, 7, 'Shirak'),
(76, 7, 'Syunik'),
(77, 7, 'Tavush'),
(78, 7, 'Vayots Dzor'),
(79, 7, 'Yerevan'),
(80, 8, 'Bengo'),
(81, 8, 'Benguela'),
(82, 8, 'Bie'),
(83, 8, 'Cabinda'),
(84, 8, 'Cuando Cubango'),
(85, 8, 'Cuanza Norte'),
(86, 8, 'Cuanza Sul'),
(87, 8, 'Cunene'),
(88, 8, 'Huambo'),
(89, 8, 'Huila'),
(90, 8, 'Luanda'),
(91, 8, 'Lunda Norte'),
(92, 8, 'Lunda Sul'),
(93, 8, 'Malanje'),
(94, 8, 'Moxico'),
(95, 8, 'Namibe'),
(96, 8, 'Uige'),
(97, 8, 'Zaire'),
(98, 10, 'Buenos Aires'),
(99, 10, 'Buenos Aires Capital'),
(100, 10, 'Catamarca'),
(101, 10, 'Chaco'),
(102, 10, 'Chubut'),
(103, 10, 'Cordoba'),
(104, 10, 'Corrientes'),
(105, 10, 'Entre Rios'),
(106, 10, 'Formosa'),
(107, 10, 'Jujuy'),
(108, 10, 'La Pampa'),
(109, 10, 'La Rioja'),
(110, 10, 'Mendoza'),
(111, 10, 'Misiones'),
(112, 10, 'Neuquen'),
(113, 10, 'Rio Negro'),
(114, 10, 'Salta'),
(115, 10, 'San Juan'),
(116, 10, 'San Luis'),
(117, 10, 'Santa Cruz'),
(118, 10, 'Santa Fe'),
(119, 10, 'Santiago del Estero'),
(120, 10, 'Tierra del Fuego'),
(121, 10, 'Tucuman'),
(122, 12, 'Burgenland'),
(123, 12, 'Kaernten'),
(124, 12, 'Niederoesterreich'),
(125, 12, 'Oberoesterreich'),
(126, 12, 'Salzburg'),
(127, 12, 'Steiermark'),
(128, 12, 'Tirol'),
(129, 12, 'Vorarlberg'),
(130, 12, 'Wien'),
(131, 13, 'Australian Capital Territory'),
(132, 13, 'New South Wales'),
(133, 13, 'Northern Territory'),
(134, 13, 'Queensland'),
(135, 13, 'South Australia'),
(136, 13, 'Tasmania'),
(137, 13, 'Victoria'),
(138, 13, 'Western Australia'),
(139, 16, 'Abseron Rayonu'),
(140, 16, 'Agcabadi Rayonu'),
(141, 16, 'Agdam Rayonu'),
(142, 16, 'Agdas Rayonu'),
(143, 16, 'Agstafa Rayonu'),
(144, 16, 'Agsu Rayonu'),
(145, 16, 'Astara Rayonu'),
(146, 16, 'Balakan Rayonu'),
(147, 16, 'Barda Rayonu'),
(148, 16, 'Beylaqan Rayonu'),
(149, 16, 'Bilasuvar Rayonu'),
(150, 16, 'Cabrayil Rayonu'),
(151, 16, 'Calilabad Rayonu'),
(152, 16, 'Daskasan Rayonu'),
(153, 16, 'Davaci Rayonu'),
(154, 16, 'Fuzuli Rayonu'),
(155, 16, 'Gadabay Rayonu'),
(156, 16, 'Goranboy Rayonu'),
(157, 16, 'Goycay Rayonu'),
(158, 16, 'Haciqabul Rayonu'),
(159, 16, 'Imisli Rayonu'),
(160, 16, 'Ismayilli Rayonu'),
(161, 16, 'Kalbacar Rayonu'),
(162, 16, 'Kurdamir Rayonu'),
(163, 16, 'Lacin Rayonu'),
(164, 16, 'Lankaran Rayonu'),
(165, 16, 'Lerik Rayonu'),
(166, 16, 'Masalli Rayonu'),
(167, 16, 'Neftcala Rayonu'),
(168, 16, 'Oguz Rayonu'),
(169, 16, 'Qabala Rayonu'),
(170, 16, 'Qax Rayonu'),
(171, 16, 'Qazax Rayonu'),
(172, 16, 'Qobustan Rayonu'),
(173, 16, 'Quba Rayonu'),
(174, 16, 'Qubadli Rayonu'),
(175, 16, 'Qusar Rayonu'),
(176, 16, 'Saatli Rayonu'),
(177, 16, 'Sabirabad Rayonu'),
(178, 16, 'Saki Rayonu'),
(179, 16, 'Salyan Rayonu'),
(180, 16, 'Samaxi Rayonu'),
(181, 16, 'Samkir Rayonu'),
(182, 16, 'Samux Rayonu'),
(183, 16, 'Siyazan Rayonu'),
(184, 16, 'Susa Rayonu'),
(185, 16, 'Tartar Rayonu'),
(186, 16, 'Tovuz Rayonu'),
(187, 16, 'Ucar Rayonu'),
(188, 16, 'Xacmaz Rayonu'),
(189, 16, 'Xanlar Rayonu'),
(190, 16, 'Xizi Rayonu'),
(191, 16, 'Xocali Rayonu'),
(192, 16, 'Xocavand Rayonu'),
(193, 16, 'Yardimli Rayonu'),
(194, 16, 'Yevlax Rayonu'),
(195, 16, 'Zangilan Rayonu'),
(196, 16, 'Zaqatala Rayonu'),
(197, 16, 'Zardab Rayonu'),
(198, 16, 'Ali Bayramli Sahari'),
(199, 16, 'Baki Sahari'),
(200, 16, 'Ganca Sahari'),
(201, 16, 'Lankaran Sahari'),
(202, 16, 'Mingacevir Sahari'),
(203, 16, 'Naftalan Sahari'),
(204, 16, 'Saki Sahari'),
(205, 16, 'Sumqayit Sahari'),
(206, 16, 'Susa Sahari'),
(207, 16, 'Xankandi Sahari'),
(208, 16, 'Yevlax Sahari'),
(209, 16, 'Naxcivan Muxtar'),
(210, 17, 'Una-Sana [Federation]'),
(211, 17, 'Posavina [Federation]'),
(212, 17, 'Tuzla [Federation]'),
(213, 17, 'Zenica-Doboj [Federation]'),
(214, 17, 'Bosnian Podrinje [Federation]'),
(215, 17, 'Central Bosnia [Federation]'),
(216, 17, 'Herzegovina-Neretva [Federation]'),
(217, 17, 'West Herzegovina [Federation]'),
(218, 17, 'Sarajevo [Federation]'),
(219, 17, ' West Bosnia [Federation]'),
(220, 17, 'Banja Luka [RS]'),
(221, 17, 'Bijeljina [RS]'),
(222, 17, 'Doboj [RS]'),
(223, 17, 'Fo?a [RS]'),
(224, 17, 'Sarajevo-Romanija [RS]'),
(225, 17, 'Trebinje [RS]'),
(226, 17, 'Vlasenica [RS]'),
(227, 18, 'Christ Church'),
(228, 18, 'Saint Andrew'),
(229, 18, 'Saint George'),
(230, 18, 'Saint James'),
(231, 18, 'Saint John'),
(232, 18, 'Saint Joseph'),
(233, 18, 'Saint Lucy'),
(234, 18, 'Saint Michael'),
(235, 18, 'Saint Peter'),
(236, 18, 'Saint Philip'),
(237, 18, 'Saint Thomas'),
(238, 19, 'Barisal'),
(239, 19, 'Chittagong'),
(240, 19, 'Dhaka'),
(241, 19, 'Khulna'),
(242, 19, 'Rajshahi'),
(243, 19, 'Sylhet'),
(244, 20, 'Antwerpen'),
(245, 20, 'Brabant Wallon'),
(246, 20, 'Brussels'),
(247, 20, 'Flanders'),
(248, 20, 'Hainaut'),
(249, 20, 'Liege'),
(250, 20, 'Limburg'),
(251, 20, 'Luxembourg'),
(252, 20, 'Namur'),
(253, 20, 'Oost-Vlaanderen'),
(254, 20, 'Vlaams-Brabant'),
(255, 20, 'Wallonia'),
(256, 20, 'West-Vlaanderen'),
(257, 21, 'Bale'),
(258, 21, 'Bam'),
(259, 21, 'Banwa'),
(260, 21, 'Bazega'),
(261, 21, 'Bougouriba'),
(262, 21, 'Boulgou'),
(263, 21, 'Boulkiemde'),
(264, 21, 'Comoe'),
(265, 21, 'Ganzourgou'),
(266, 21, 'Gnagna'),
(267, 21, 'Gourma'),
(268, 21, 'Houet'),
(269, 21, 'Ioba'),
(270, 21, 'Kadiogo'),
(271, 21, 'Kenedougou'),
(272, 21, 'Komondjari'),
(273, 21, 'Kompienga'),
(274, 21, 'Kossi'),
(275, 21, 'Koulpelogo'),
(276, 21, 'Kouritenga'),
(277, 21, 'Kourweogo'),
(278, 21, 'Leraba'),
(279, 21, 'Loroum'),
(280, 21, 'Mouhoun'),
(281, 21, 'Namentenga'),
(282, 21, 'Nahouri'),
(283, 21, 'Nayala'),
(284, 21, 'Noumbiel'),
(285, 21, 'Oubritenga'),
(286, 21, 'Oudalan'),
(287, 21, 'Passore'),
(288, 21, 'Poni'),
(289, 21, 'Sanguie'),
(290, 21, 'Sanmatenga'),
(291, 21, 'Seno'),
(292, 21, 'Sissili'),
(293, 21, 'Soum'),
(294, 21, 'Sourou'),
(295, 21, 'Tapoa'),
(296, 21, 'Tuy'),
(297, 21, 'Yagha'),
(298, 21, 'Yatenga'),
(299, 21, 'Ziro'),
(300, 21, 'Zondoma'),
(301, 21, 'Zoundweogo'),
(302, 22, 'Blagoevgrad'),
(303, 22, 'Burgas'),
(304, 22, 'Dobrich'),
(305, 22, 'Gabrovo'),
(306, 22, 'Khaskovo'),
(307, 22, 'Kurdzhali'),
(308, 22, 'Kyustendil'),
(309, 22, 'Lovech'),
(310, 22, 'Montana'),
(311, 22, 'Pazardzhik'),
(312, 22, 'Pernik'),
(313, 22, 'Pleven'),
(314, 22, 'Plovdiv'),
(315, 22, 'Razgrad'),
(316, 22, 'Ruse'),
(317, 22, 'Shumen'),
(318, 22, 'Silistra'),
(319, 22, 'Sliven'),
(320, 22, 'Smolyan'),
(321, 22, 'Sofiya'),
(322, 22, 'Sofiya-Grad'),
(323, 22, 'Stara Zagora'),
(324, 22, 'Turgovishte'),
(325, 22, 'Varna'),
(326, 22, 'Veliko Turnovo'),
(327, 22, 'Vidin'),
(328, 22, 'Vratsa'),
(329, 22, 'Yambol'),
(330, 23, 'Al Hadd'),
(331, 23, 'Al Manamah'),
(332, 23, 'Al Mintaqah al Gharbiyah'),
(333, 23, 'Al Mintaqah al Wusta'),
(334, 23, 'Al Mintaqah ash Shamaliyah'),
(335, 23, 'Al Muharraq'),
(336, 23, 'Ar Rifa` wa al Mintaqah al Janubiyah'),
(337, 23, 'Jidd Hafs'),
(338, 23, 'Madinat Hamad'),
(339, 23, 'Madinat `Isa'),
(340, 23, 'Juzur Hawar'),
(341, 23, 'Sitrah'),
(342, 24, 'Bubanza'),
(343, 24, 'Bujumbura Mairie'),
(344, 24, 'Bujumbura Rural'),
(345, 24, 'Bururi'),
(346, 24, 'Cankuzo'),
(347, 24, 'Cibitoke'),
(348, 24, 'Gitega'),
(349, 24, 'Karuzi'),
(350, 24, 'Kayanza'),
(351, 24, 'Kirundo'),
(352, 24, 'Makamba'),
(353, 24, 'Muramvya'),
(354, 24, 'Muyinga'),
(355, 24, 'Mwaro'),
(356, 24, 'Ngozi'),
(357, 24, 'Rutana'),
(358, 24, 'Ruyigi'),
(359, 25, 'Alibori'),
(360, 25, 'Atakora'),
(361, 25, 'Atlantique'),
(362, 25, 'Borgou'),
(363, 25, 'Collines'),
(364, 25, 'Donga'),
(365, 25, 'Kouffo'),
(366, 25, 'Littoral'),
(367, 25, 'Mono'),
(368, 25, 'Oueme'),
(369, 25, 'Plateau'),
(370, 25, 'Zou'),
(371, 27, 'Devonshire'),
(372, 27, 'Hamilton'),
(373, 27, 'Hamilton'),
(374, 27, 'Paget'),
(375, 27, 'Pembroke'),
(376, 27, 'Saint George'),
(377, 27, 'Saint George`s'),
(378, 27, 'Sandys'),
(379, 27, 'Smith`s'),
(380, 27, 'Southampton'),
(381, 27, 'Warwick'),
(382, 28, 'Belait'),
(383, 28, 'Brunei and Muara'),
(384, 28, 'Temburong'),
(385, 28, 'Tutong'),
(386, 29, 'Chuquisaca'),
(387, 29, 'Cochabamba'),
(388, 29, 'Beni'),
(389, 29, 'La Paz'),
(390, 29, 'Oruro'),
(391, 29, 'Pando'),
(392, 29, 'Potosi'),
(393, 29, 'Santa Cruz'),
(394, 29, 'Tarija'),
(395, 31, 'Acre'),
(396, 31, 'Alagoas'),
(397, 31, 'Amapa'),
(398, 31, 'Amazonas'),
(399, 31, 'Bahia'),
(400, 31, 'Ceara'),
(401, 31, 'Distrito Federal'),
(402, 31, 'Espirito Santo'),
(403, 31, 'Goias'),
(404, 31, 'Maranhao'),
(405, 31, 'Mato Grosso'),
(406, 31, 'Mato Grosso do Sul'),
(407, 31, 'Minas Gerais'),
(408, 31, 'Para'),
(409, 31, 'Paraiba'),
(410, 31, 'Parana'),
(411, 31, 'Pernambuco'),
(412, 31, 'Piaui'),
(413, 31, 'Rio de Janeiro'),
(414, 31, 'Rio Grande do Norte'),
(415, 31, 'Rio Grande do Sul'),
(416, 31, 'Rondonia'),
(417, 31, 'Roraima'),
(418, 31, 'Santa Catarina'),
(419, 31, 'Sao Paulo'),
(420, 31, 'Sergipe'),
(421, 31, 'Tocantins'),
(422, 32, 'Acklins and Crooked Islands'),
(423, 32, 'Bimini'),
(424, 32, 'Cat Island'),
(425, 32, 'Exuma'),
(426, 32, 'Freeport'),
(427, 32, 'Fresh Creek'),
(428, 32, 'Governor`s Harbour'),
(429, 32, 'Green Turtle Cay'),
(430, 32, 'Harbour Island'),
(431, 32, 'High Rock'),
(432, 32, 'Inagua'),
(433, 32, 'Kemps Bay'),
(434, 32, 'Long Island'),
(435, 32, 'Marsh Harbour'),
(436, 32, 'Mayaguana'),
(437, 32, 'New Providence'),
(438, 32, 'Nichollstown and Berry Islands'),
(439, 32, 'Ragged Island'),
(440, 32, 'Rock Sound'),
(441, 32, 'Sandy Point'),
(442, 32, 'San Salvador and Rum Cay'),
(443, 33, 'Bumthang'),
(444, 33, 'Chukha'),
(445, 33, 'Dagana'),
(446, 33, 'Gasa'),
(447, 33, 'Haa'),
(448, 33, 'Lhuntse'),
(449, 33, 'Mongar'),
(450, 33, 'Paro'),
(451, 33, 'Pemagatshel'),
(452, 33, 'Punakha'),
(453, 33, 'Samdrup Jongkhar'),
(454, 33, 'Samtse'),
(455, 33, 'Sarpang'),
(456, 33, 'Thimphu'),
(457, 33, 'Trashigang'),
(458, 33, 'Trashiyangste'),
(459, 33, 'Trongsa'),
(460, 33, 'Tsirang'),
(461, 33, 'Wangdue Phodrang'),
(462, 33, 'Zhemgang'),
(463, 35, 'Central'),
(464, 35, 'Ghanzi'),
(465, 35, 'Kgalagadi'),
(466, 35, 'Kgatleng'),
(467, 35, 'Kweneng'),
(468, 35, 'North East'),
(469, 35, 'North West'),
(470, 35, 'South East'),
(471, 35, 'Southern'),
(472, 36, 'Brest'),
(473, 36, 'Homyel'),
(474, 36, 'Horad Minsk'),
(475, 36, 'Hrodna'),
(476, 36, 'Mahilyow'),
(477, 36, 'Minsk'),
(478, 36, 'Vitsyebsk'),
(479, 37, 'Belize'),
(480, 37, 'Cayo'),
(481, 37, 'Corozal'),
(482, 37, 'Orange Walk'),
(483, 37, 'Stann Creek'),
(484, 37, 'Toledo'),
(485, 38, 'Alberta'),
(486, 38, 'British Columbia'),
(487, 38, 'Manitoba'),
(488, 38, 'New Brunswick'),
(489, 38, 'Newfoundland and Labrador'),
(490, 38, 'Northwest Territories'),
(491, 38, 'Nova Scotia'),
(492, 38, 'Nunavut'),
(493, 38, 'Ontario'),
(494, 38, 'Prince Edward Island'),
(495, 38, 'Quebec'),
(496, 38, 'Saskatchewan'),
(497, 38, 'Yukon Territory'),
(498, 41, 'Bamingui-Bangoran'),
(499, 41, 'Bangui'),
(500, 41, 'Basse-Kotto'),
(501, 41, 'Haute-Kotto'),
(502, 41, 'Haut-Mbomou'),
(503, 41, 'Kemo'),
(504, 41, 'Lobaye'),
(505, 41, 'Mambere-Kadei'),
(506, 41, 'Mbomou'),
(507, 41, 'Nana-Grebizi'),
(508, 41, 'Nana-Mambere'),
(509, 41, 'Ombella-Mpoko'),
(510, 41, 'Ouaka'),
(511, 41, 'Ouham'),
(512, 41, 'Ouham-Pende'),
(513, 41, 'Sangha-Mbaere'),
(514, 41, 'Vakaga'),
(515, 43, 'Aargau'),
(516, 43, 'Appenzell Ausser-Rhoden'),
(517, 43, 'Appenzell Inner-Rhoden'),
(518, 43, 'Basel-Landschaft'),
(519, 43, 'Basel-Stadt'),
(520, 43, 'Bern'),
(521, 43, 'Fribourg'),
(522, 43, 'Geneve'),
(523, 43, 'Glarus'),
(524, 43, 'Graubunden'),
(525, 43, 'Jura'),
(526, 43, 'Luzern'),
(527, 43, 'Neuchatel'),
(528, 43, 'Nidwalden'),
(529, 43, 'Obwalden'),
(530, 43, 'Sankt Gallen'),
(531, 43, 'Schaffhausen'),
(532, 43, 'Schwyz'),
(533, 43, 'Solothurn'),
(534, 43, 'Thurgau'),
(535, 43, 'Ticino'),
(536, 43, 'Uri'),
(537, 43, 'Valais'),
(538, 43, 'Vaud'),
(539, 43, 'Zug'),
(540, 43, 'Zurich'),
(541, 46, 'Aysen'),
(542, 46, 'Antofagasta'),
(543, 46, 'Araucania'),
(544, 46, 'Atacama'),
(545, 46, 'Bio-Bio'),
(546, 46, 'Coquimbo'),
(547, 46, 'O`Higgins'),
(548, 46, 'Los Lagos'),
(549, 46, 'Magallanes y la Antartica Chilena'),
(550, 46, 'Maule'),
(551, 46, 'Santiago Region Metropolitana'),
(552, 46, 'Tarapaca'),
(553, 46, 'Valparaiso'),
(554, 47, 'Adamaoua'),
(555, 47, 'Centre'),
(556, 47, 'Est'),
(557, 47, 'Extreme-Nord'),
(558, 47, 'Littoral'),
(559, 47, 'Nord'),
(560, 47, 'Nord-Ouest'),
(561, 47, 'Ouest'),
(562, 47, 'Sud'),
(563, 47, 'Sud-Ouest'),
(564, 48, 'Anhui'),
(565, 48, 'Fujian'),
(566, 48, 'Gansu'),
(567, 48, 'Guangdong'),
(568, 48, 'Guizhou'),
(569, 48, 'Hainan'),
(570, 48, 'Hebei'),
(571, 48, 'Heilongjiang'),
(572, 48, 'Henan'),
(573, 48, 'Hubei'),
(574, 48, 'Hunan'),
(575, 48, 'Jiangsu'),
(576, 48, 'Jiangxi'),
(577, 48, 'Jilin'),
(578, 48, 'Liaoning'),
(579, 48, 'Qinghai'),
(580, 48, 'Shaanxi'),
(581, 48, 'Shandong'),
(582, 48, 'Shanxi'),
(583, 48, 'Sichuan'),
(584, 48, 'Yunnan'),
(585, 48, 'Zhejiang'),
(586, 48, 'Guangxi'),
(587, 48, 'Nei Mongol'),
(588, 48, 'Ningxia'),
(589, 48, 'Xinjiang'),
(590, 48, 'Xizang (Tibet)'),
(591, 48, 'Beijing'),
(592, 48, 'Chongqing'),
(593, 48, 'Shanghai'),
(594, 48, 'Tianjin'),
(595, 49, 'Amazonas'),
(596, 49, 'Antioquia'),
(597, 49, 'Arauca'),
(598, 49, 'Atlantico'),
(599, 49, 'Bogota District Capital'),
(600, 49, 'Bolivar'),
(601, 49, 'Boyaca'),
(602, 49, 'Caldas'),
(603, 49, 'Caqueta'),
(604, 49, 'Casanare'),
(605, 49, 'Cauca'),
(606, 49, 'Cesar'),
(607, 49, 'Choco'),
(608, 49, 'Cordoba'),
(609, 49, 'Cundinamarca'),
(610, 49, 'Guainia'),
(611, 49, 'Guaviare'),
(612, 49, 'Huila'),
(613, 49, 'La Guajira'),
(614, 49, 'Magdalena'),
(615, 49, 'Meta'),
(616, 49, 'Narino'),
(617, 49, 'Norte de Santander'),
(618, 49, 'Putumayo'),
(619, 49, 'Quindio'),
(620, 49, 'Risaralda'),
(621, 49, 'San Andres & Providencia'),
(622, 49, 'Santander'),
(623, 49, 'Sucre'),
(624, 49, 'Tolima'),
(625, 49, 'Valle del Cauca'),
(626, 49, 'Vaupes'),
(627, 49, 'Vichada'),
(628, 50, 'Alajuela'),
(629, 50, 'Cartago'),
(630, 50, 'Guanacaste'),
(631, 50, 'Heredia'),
(632, 50, 'Limon'),
(633, 50, 'Puntarenas'),
(634, 50, 'San Jose'),
(635, 51, 'Camaguey'),
(636, 51, 'Ciego de Avila'),
(637, 51, 'Cienfuegos'),
(638, 51, 'Ciudad de La Habana'),
(639, 51, 'Granma'),
(640, 51, 'Guantanamo'),
(641, 51, 'Holguin'),
(642, 51, 'Isla de la Juventud'),
(643, 51, 'La Habana'),
(644, 51, 'Las Tunas'),
(645, 51, 'Matanzas'),
(646, 51, 'Pinar del Rio'),
(647, 51, 'Sancti Spiritus'),
(648, 51, 'Santiago de Cuba'),
(649, 51, 'Villa Clara'),
(650, 52, 'Santo Antão'),
(651, 52, 'São Vicente'),
(652, 52, 'Santa Luzia,'),
(653, 52, 'São Nicolau'),
(654, 52, 'Sal'),
(655, 52, 'Boa Vista'),
(656, 52, 'Maio'),
(657, 52, 'Santiago'),
(658, 52, 'Fogo'),
(659, 52, 'Brava'),
(660, 55, 'Famagusta'),
(661, 55, 'Kyrenia'),
(662, 55, 'Larnaca'),
(663, 55, 'Limassol'),
(664, 55, 'Nicosia'),
(665, 55, 'Paphos'),
(666, 56, 'Jihocesky Kraj'),
(667, 56, 'Jihomoravsky Kraj'),
(668, 56, 'Karlovarsky Kraj'),
(669, 56, 'Kralovehradecky Kraj'),
(670, 56, 'Liberecky Kraj'),
(671, 56, 'Moravskoslezsky Kraj'),
(672, 56, 'Olomoucky Kraj'),
(673, 56, 'Pardubicky Kraj'),
(674, 56, 'Plzensky Kraj'),
(675, 56, 'Praha'),
(676, 56, 'Stredocesky Kraj'),
(677, 56, 'Ustecky Kraj'),
(678, 56, 'Vysocina'),
(679, 56, 'Zlinsky Kraj'),
(680, 57, 'Baden-Wuerttemberg'),
(681, 57, 'Bayern'),
(682, 57, 'Berlin'),
(683, 57, 'Brandenburg'),
(684, 57, 'Bremen'),
(685, 57, 'Hamburg'),
(686, 57, 'Hessen'),
(687, 57, 'Mecklenburg-Vorpommern'),
(688, 57, 'Niedersachsen'),
(689, 57, 'Nordrhein-Westfalen'),
(690, 57, 'Rheinland-Pfalz'),
(691, 57, 'Saarland'),
(692, 57, 'Sachsen'),
(693, 57, 'Sachsen-Anhalt'),
(694, 57, 'Schleswig-Holstein'),
(695, 57, 'Thueringen'),
(696, 58, 'Ali Sabih'),
(697, 58, 'Dikhil'),
(698, 58, 'Djibouti'),
(699, 58, 'Obock'),
(700, 58, 'Tadjoura'),
(701, 59, 'Arhus'),
(702, 59, 'Bornholm'),
(703, 59, 'Frederiksberg'),
(704, 59, 'Frederiksborg'),
(705, 59, 'Fyn'),
(706, 59, 'Kobenhavn'),
(707, 59, 'Kobenhavns'),
(708, 59, 'Nordjylland'),
(709, 59, 'Ribe'),
(710, 59, 'Ringkobing'),
(711, 59, 'Roskilde'),
(712, 59, 'Sonderjylland'),
(713, 59, 'Storstrom'),
(714, 59, 'Vejle'),
(715, 59, 'Vestsjalland'),
(716, 59, 'Viborg'),
(717, 60, 'Saint Andrew'),
(718, 60, 'Saint David'),
(719, 60, 'Saint George'),
(720, 60, 'Saint John'),
(721, 60, 'Saint Joseph'),
(722, 60, 'Saint Luke'),
(723, 60, 'Saint Mark'),
(724, 60, 'Saint Patrick'),
(725, 60, 'Saint Paul'),
(726, 60, 'Saint Peter'),
(727, 61, 'Azua'),
(728, 61, 'Baoruco'),
(729, 61, 'Barahona'),
(730, 61, 'Dajabon'),
(731, 61, 'Distrito Nacional'),
(732, 61, 'Duarte'),
(733, 61, 'Elias Pina'),
(734, 61, 'El Seibo'),
(735, 61, 'Espaillat'),
(736, 61, 'Hato Mayor'),
(737, 61, 'Independencia'),
(738, 61, 'La Altagracia'),
(739, 61, 'La Romana'),
(740, 61, 'La Vega'),
(741, 61, 'Maria Trinidad Sanchez'),
(742, 61, 'Monsenor Nouel'),
(743, 61, 'Monte Cristi'),
(744, 61, 'Monte Plata'),
(745, 61, 'Pedernales'),
(746, 61, 'Peravia'),
(747, 61, 'Puerto Plata'),
(748, 61, 'Salcedo'),
(749, 61, 'Samana'),
(750, 61, 'Sanchez Ramirez'),
(751, 61, 'San Cristobal'),
(752, 61, 'San Jose de Ocoa'),
(753, 61, 'San Juan'),
(754, 61, 'San Pedro de Macoris'),
(755, 61, 'Santiago'),
(756, 61, 'Santiago Rodriguez'),
(757, 61, 'Santo Domingo'),
(758, 61, 'Valverde'),
(759, 62, 'Adrar'),
(760, 62, 'Ain Defla'),
(761, 62, 'Ain Temouchent'),
(762, 62, 'Alger'),
(763, 62, 'Annaba'),
(764, 62, 'Batna'),
(765, 62, 'Bechar'),
(766, 62, 'Bejaia'),
(767, 62, 'Biskra'),
(768, 62, 'Blida'),
(769, 62, 'Bordj Bou Arreridj'),
(770, 62, 'Bouira'),
(771, 62, 'Boumerdes'),
(772, 62, 'Chlef'),
(773, 62, 'Constantine'),
(774, 62, 'Djelfa'),
(775, 62, 'El Bayadh'),
(776, 62, 'El Oued'),
(777, 62, 'El Tarf'),
(778, 62, 'Ghardaia'),
(779, 62, 'Guelma'),
(780, 62, 'Illizi'),
(781, 62, 'Jijel'),
(782, 62, 'Khenchela'),
(783, 62, 'Laghouat'),
(784, 62, 'Muaskar'),
(785, 62, 'Medea'),
(786, 62, 'Mila'),
(787, 62, 'Mostaganem'),
(788, 62, 'M`Sila'),
(789, 62, 'Naama'),
(790, 62, 'Oran'),
(791, 62, 'Ouargla'),
(792, 62, 'Oum el Bouaghi'),
(793, 62, 'Relizane'),
(794, 62, 'Saida'),
(795, 62, 'Setif'),
(796, 62, 'Sidi Bel Abbes'),
(797, 62, 'Skikda'),
(798, 62, 'Souk Ahras'),
(799, 62, 'Tamanghasset'),
(800, 62, 'Tebessa'),
(801, 62, 'Tiaret'),
(802, 62, 'Tindouf'),
(803, 62, 'Tipaza'),
(804, 62, 'Tissemsilt'),
(805, 62, 'Tizi Ouzou'),
(806, 62, 'Tlemcen'),
(807, 63, 'Azuay'),
(808, 63, 'Bolivar'),
(809, 63, 'Canar'),
(810, 63, 'Carchi'),
(811, 63, 'Chimborazo'),
(812, 63, 'Cotopaxi'),
(813, 63, 'El Oro'),
(814, 63, 'Esmeraldas'),
(815, 63, 'Galapagos'),
(816, 63, 'Guayas'),
(817, 63, 'Imbabura'),
(818, 63, 'Loja'),
(819, 63, 'Los Rios'),
(820, 63, 'Manabi'),
(821, 63, 'Morona-Santiago'),
(822, 63, 'Napo'),
(823, 63, 'Orellana'),
(824, 63, 'Pastaza'),
(825, 63, 'Pichincha'),
(826, 63, 'Sucumbios'),
(827, 63, 'Tungurahua'),
(828, 63, 'Zamora-Chinchipe'),
(829, 64, 'Harjumaa (Tallinn)'),
(830, 64, 'Hiiumaa (Kardla)'),
(831, 64, 'Ida-Virumaa (Johvi)'),
(832, 64, 'Jarvamaa (Paide)'),
(833, 64, 'Jogevamaa (Jogeva)'),
(834, 64, 'Laanemaa (Haapsalu)'),
(835, 64, 'Laane-Virumaa (Rakvere)'),
(836, 64, 'Parnumaa (Parnu)'),
(837, 64, 'Polvamaa (Polva)'),
(838, 64, 'Raplamaa (Rapla)'),
(839, 64, 'Saaremaa (Kuressaare)'),
(840, 64, 'Tartumaa (Tartu)'),
(841, 64, 'Valgamaa (Valga)'),
(842, 64, 'Viljandimaa (Viljandi)'),
(843, 64, 'Vorumaa (Voru)'),
(844, 65, 'Ad Daqahliyah'),
(845, 65, 'Al Bahr al Ahmar'),
(846, 65, 'Al Buhayrah'),
(847, 65, 'Al Fayyum'),
(848, 65, 'Al Gharbiyah'),
(849, 65, 'Al Iskandariyah'),
(850, 65, 'Al Isma`iliyah'),
(851, 65, 'Al Jizah'),
(852, 65, 'Al Minufiyah'),
(853, 65, 'Al Minya'),
(854, 65, 'Al Qahirah'),
(855, 65, 'Al Qalyubiyah'),
(856, 65, 'Al Wadi al Jadid'),
(857, 65, 'Ash Sharqiyah'),
(858, 65, 'As Suways'),
(859, 65, 'Aswan'),
(860, 65, 'Asyut'),
(861, 65, 'Bani Suwayf'),
(862, 65, 'Bur Sa`id'),
(863, 65, 'Dumyat'),
(864, 65, 'Janub Sina'),
(865, 65, 'Kafr ash Shaykh'),
(866, 65, 'Matruh'),
(867, 65, 'Qina'),
(868, 65, 'Shamal Sina'),
(869, 65, 'Suhaj'),
(870, 67, 'Anseba'),
(871, 67, 'Debub'),
(872, 67, 'Debubawi K`eyih Bahri'),
(873, 67, 'Gash Barka'),
(874, 67, 'Ma`akel'),
(875, 67, 'Semenawi Keyih Bahri'),
(876, 68, 'Andalucia'),
(877, 68, 'Aragon'),
(878, 68, 'Asturias'),
(879, 68, 'Baleares'),
(880, 68, 'Ceuta'),
(881, 68, 'Canarias'),
(882, 68, 'Cantabria'),
(883, 68, 'Castilla-La Mancha'),
(884, 68, 'Castilla y Leon'),
(885, 68, 'Cataluna'),
(886, 68, 'Comunidad Valenciana'),
(887, 68, 'Extremadura'),
(888, 68, 'Galicia'),
(889, 68, 'La Rioja'),
(890, 68, 'Madrid'),
(891, 68, 'Melilla'),
(892, 68, 'Murcia'),
(893, 68, 'Navarra'),
(894, 68, 'Pais Vasco'),
(895, 69, 'Addis Ababa'),
(896, 69, 'Afar'),
(897, 69, 'Amhara'),
(898, 69, 'Binshangul Gumuz'),
(899, 69, 'Dire Dawa'),
(900, 69, 'Gambela Hizboch'),
(901, 69, 'Harari'),
(902, 69, 'Oromia'),
(903, 69, 'Somali'),
(904, 69, 'Tigray'),
(905, 69, 'Southern Nations, Nationalities, and Peoples Region'),
(906, 70, 'Aland'),
(907, 70, 'Etela-Suomen Laani'),
(908, 70, 'Ita-Suomen Laani'),
(909, 70, 'Lansi-Suomen Laani'),
(910, 70, 'Lappi'),
(911, 70, 'Oulun Laani'),
(912, 71, 'Central (Suva)'),
(913, 71, 'Eastern (Levuka)'),
(914, 71, 'Northern (Labasa)'),
(915, 71, 'Rotuma'),
(916, 71, 'Western (Lautoka)'),
(917, 73, 'Chuuk'),
(918, 73, 'Kosrae'),
(919, 73, 'Pohnpei'),
(920, 73, 'Yap'),
(921, 75, 'Alsace'),
(922, 75, 'Aquitaine'),
(923, 75, 'Auvergne'),
(924, 75, 'Basse-Normandie'),
(925, 75, 'Bourgogne'),
(926, 75, 'Bretagne'),
(927, 75, 'Centre'),
(928, 75, 'Champagne-Ardenne'),
(929, 75, 'Corse'),
(930, 75, 'Franche-Comte'),
(931, 75, 'Haute-Normandie'),
(932, 75, 'Ile-de-France'),
(933, 75, 'Languedoc-Roussillon'),
(934, 75, 'Limousin'),
(935, 75, 'Lorraine'),
(936, 75, 'Midi-Pyrenees'),
(937, 75, 'Nord-Pas-de-Calais'),
(938, 75, 'Pays de la Loire'),
(939, 75, 'Picardie'),
(940, 75, 'Poitou-Charentes'),
(941, 75, 'Provence-Alpes-Cote d`Azur'),
(942, 75, 'Rhone-Alpes'),
(943, 76, 'Estuaire'),
(944, 76, 'Haut-Ogooue'),
(945, 76, 'Moyen-Ogooue'),
(946, 76, 'Ngounie'),
(947, 76, 'Nyanga'),
(948, 76, 'Ogooue-Ivindo'),
(949, 76, 'Ogooue-Lolo'),
(950, 76, 'Ogooue-Maritime'),
(951, 76, 'Woleu-Ntem'),
(952, 77, 'Aberconwy and Colwyn'),
(953, 77, 'Aberdeen City'),
(954, 77, 'Aberdeenshire'),
(955, 77, 'Anglesey'),
(956, 77, 'Angus'),
(957, 77, 'Antrim'),
(958, 77, 'Argyll and Bute'),
(959, 77, 'Armagh'),
(960, 77, 'Avon'),
(961, 77, 'Ayrshire'),
(962, 77, 'Bath and NE Somerset'),
(963, 77, 'Bedfordshire'),
(964, 77, 'Belfast'),
(965, 77, 'Berkshire'),
(966, 77, 'Berwickshire'),
(967, 77, 'BFPO'),
(968, 77, 'Blaenau Gwent'),
(969, 77, 'Buckinghamshire'),
(970, 77, 'Caernarfonshire'),
(971, 77, 'Caerphilly'),
(972, 77, 'Caithness'),
(973, 77, 'Cambridgeshire'),
(974, 77, 'Cardiff'),
(975, 77, 'Cardiganshire'),
(976, 77, 'Carmarthenshire'),
(977, 77, 'Ceredigion'),
(978, 77, 'Channel Islands'),
(979, 77, 'Cheshire'),
(980, 77, 'City of Bristol'),
(981, 77, 'Clackmannanshire'),
(982, 77, 'Clwyd'),
(983, 77, 'Conwy'),
(984, 77, 'Cornwall/Scilly'),
(985, 77, 'Cumbria'),
(986, 77, 'Denbighshire'),
(987, 77, 'Derbyshire'),
(988, 77, 'Derry/Londonderry'),
(989, 77, 'Devon'),
(990, 77, 'Dorset'),
(991, 77, 'Down'),
(992, 77, 'Dumfries and Galloway'),
(993, 77, 'Dunbartonshire'),
(994, 77, 'Dundee'),
(995, 77, 'Durham'),
(996, 77, 'Dyfed'),
(997, 77, 'East Ayrshire'),
(998, 77, 'East Dunbartonshire'),
(999, 77, 'East Lothian'),
(1000, 77, 'East Renfrewshire'),
(1001, 77, 'East Riding Yorkshire'),
(1002, 77, 'East Sussex'),
(1003, 77, 'Edinburgh'),
(1004, 77, 'England'),
(1005, 77, 'Essex'),
(1006, 77, 'Falkirk'),
(1007, 77, 'Fermanagh'),
(1008, 77, 'Fife'),
(1009, 77, 'Flintshire'),
(1010, 77, 'Glasgow'),
(1011, 77, 'Gloucestershire'),
(1012, 77, 'Greater London'),
(1013, 77, 'Greater Manchester'),
(1014, 77, 'Gwent'),
(1015, 77, 'Gwynedd'),
(1016, 77, 'Hampshire'),
(1017, 77, 'Hartlepool'),
(1018, 77, 'Hereford and Worcester'),
(1019, 77, 'Hertfordshire'),
(1020, 77, 'Highlands'),
(1021, 77, 'Inverclyde'),
(1022, 77, 'Inverness-Shire'),
(1023, 77, 'Isle of Man'),
(1024, 77, 'Isle of Wight'),
(1025, 77, 'Kent'),
(1026, 77, 'Kincardinshire'),
(1027, 77, 'Kingston Upon Hull'),
(1028, 77, 'Kinross-Shire'),
(1029, 77, 'Kirklees'),
(1030, 77, 'Lanarkshire'),
(1031, 77, 'Lancashire'),
(1032, 77, 'Leicestershire'),
(1033, 77, 'Lincolnshire'),
(1034, 77, 'Londonderry'),
(1035, 77, 'Merseyside'),
(1036, 77, 'Merthyr Tydfil'),
(1037, 77, 'Mid Glamorgan'),
(1038, 77, 'Mid Lothian'),
(1039, 77, 'Middlesex'),
(1040, 77, 'Monmouthshire'),
(1041, 77, 'Moray'),
(1042, 77, 'Neath & Port Talbot'),
(1043, 77, 'Newport'),
(1044, 77, 'Norfolk'),
(1045, 77, 'North Ayrshire'),
(1046, 77, 'North East Lincolnshire'),
(1047, 77, 'North Lanarkshire'),
(1048, 77, 'North Lincolnshire'),
(1049, 77, 'North Somerset'),
(1050, 77, 'North Yorkshire'),
(1051, 77, 'Northamptonshire'),
(1052, 77, 'Northern Ireland'),
(1053, 77, 'Northumberland'),
(1054, 77, 'Nottinghamshire'),
(1055, 77, 'Orkney and Shetland Isles'),
(1056, 77, 'Oxfordshire'),
(1057, 77, 'Pembrokeshire'),
(1058, 77, 'Perth and Kinross'),
(1059, 77, 'Powys'),
(1060, 77, 'Redcar and Cleveland'),
(1061, 77, 'Renfrewshire'),
(1062, 77, 'Rhonda Cynon Taff'),
(1063, 77, 'Rutland'),
(1064, 77, 'Scottish Borders'),
(1065, 77, 'Shetland'),
(1066, 77, 'Shropshire'),
(1067, 77, 'Somerset'),
(1068, 77, 'South Ayrshire'),
(1069, 77, 'South Glamorgan'),
(1070, 77, 'South Gloucesteshire'),
(1071, 77, 'South Lanarkshire'),
(1072, 77, 'South Yorkshire'),
(1073, 77, 'Staffordshire'),
(1074, 77, 'Stirling'),
(1075, 77, 'Stockton On Tees'),
(1076, 77, 'Suffolk'),
(1077, 77, 'Surrey'),
(1078, 77, 'Swansea'),
(1079, 77, 'Torfaen'),
(1080, 77, 'Tyne and Wear'),
(1081, 77, 'Tyrone'),
(1082, 77, 'Vale Of Glamorgan'),
(1083, 77, 'Wales'),
(1084, 77, 'Warwickshire'),
(1085, 77, 'West Berkshire'),
(1086, 77, 'West Dunbartonshire'),
(1087, 77, 'West Glamorgan'),
(1088, 77, 'West Lothian'),
(1089, 77, 'West Midlands'),
(1090, 77, 'West Sussex'),
(1091, 77, 'West Yorkshire'),
(1092, 77, 'Western Isles'),
(1093, 77, 'Wiltshire'),
(1094, 77, 'Wirral'),
(1095, 77, 'Worcestershire'),
(1096, 77, 'Wrexham'),
(1097, 77, 'York'),
(1098, 78, 'Carriacou and Petit Martinique'),
(1099, 78, 'Saint Andrew'),
(1100, 78, 'Saint David'),
(1101, 78, 'Saint George'),
(1102, 78, 'Saint John'),
(1103, 78, 'Saint Mark'),
(1104, 78, 'Saint Patrick'),
(1105, 79, 'Abkhazia'),
(1106, 79, 'Adjara'),
(1107, 79, 'Guria'),
(1108, 79, 'Imereti'),
(1109, 79, 'Kakheti'),
(1110, 79, 'Kvemo Kartli'),
(1111, 79, 'Mtskheta-Mtianeti'),
(1112, 79, 'Racha-Lechkhumi and Kvemo Svaneti'),
(1113, 79, 'Samegrelo-Zemo Svaneti'),
(1114, 79, 'Samtskhe-Javakheti'),
(1115, 79, 'Shida Kartli'),
(1116, 79, 'Tbilisi'),
(1117, 80, 'Awala-Yalimapo'),
(1118, 80, 'Mana'),
(1119, 80, 'Saint-Laurent-du-Maroni'),
(1120, 80, 'Apatou'),
(1121, 80, 'Grand-Santi'),
(1122, 80, 'Papaïchton'),
(1123, 80, 'Saül'),
(1124, 80, 'Maripasoula'),
(1125, 80, 'Camopi'),
(1126, 80, 'Saint-Georges'),
(1127, 80, 'Ouanary'),
(1128, 80, 'Régina'),
(1129, 80, 'Roura'),
(1130, 80, 'Saint-Élie'),
(1131, 80, 'Iracoubo'),
(1132, 80, 'Sinnamary'),
(1133, 80, 'Kourou'),
(1134, 80, 'Macouria'),
(1135, 80, 'Montsinéry-Tonnegrande'),
(1136, 80, 'Matoury'),
(1137, 80, 'Cayenne'),
(1138, 80, 'Remire-Montjoly'),
(1139, 82, 'Ashanti'),
(1140, 82, 'Brong-Ahafo'),
(1141, 82, 'Central'),
(1142, 82, 'Eastern'),
(1143, 82, 'Greater Accra'),
(1144, 82, 'Northern'),
(1145, 82, 'Upper East'),
(1146, 82, 'Upper West'),
(1147, 82, 'Volta'),
(1148, 82, 'Western'),
(1149, 84, 'Avannaa (Nordgronland)'),
(1150, 84, 'Tunu (Ostgronland)'),
(1151, 84, 'Kitaa (Vestgronland)'),
(1152, 85, 'Banjul'),
(1153, 85, 'Central River'),
(1154, 85, 'Lower River'),
(1155, 85, 'North Bank'),
(1156, 85, 'Upper River'),
(1157, 85, 'Western'),
(1158, 86, 'Beyla'),
(1159, 86, 'Boffa'),
(1160, 86, 'Boke'),
(1161, 86, 'Conakry'),
(1162, 86, 'Coyah'),
(1163, 86, 'Dabola'),
(1164, 86, 'Dalaba'),
(1165, 86, 'Dinguiraye'),
(1166, 86, 'Dubreka'),
(1167, 86, 'Faranah'),
(1168, 86, 'Forecariah'),
(1169, 86, 'Fria'),
(1170, 86, 'Gaoual'),
(1171, 86, 'Gueckedou'),
(1172, 86, 'Kankan'),
(1173, 86, 'Kerouane'),
(1174, 86, 'Kindia'),
(1175, 86, 'Kissidougou'),
(1176, 86, 'Koubia'),
(1177, 86, 'Koundara'),
(1178, 86, 'Kouroussa'),
(1179, 86, 'Labe'),
(1180, 86, 'Lelouma'),
(1181, 86, 'Lola'),
(1182, 86, 'Macenta'),
(1183, 86, 'Mali'),
(1184, 86, 'Mamou'),
(1185, 86, 'Mandiana'),
(1186, 86, 'Nzerekore'),
(1187, 86, 'Pita'),
(1188, 86, 'Siguiri'),
(1189, 86, 'Telimele'),
(1190, 86, 'Tougue'),
(1191, 86, 'Yomou'),
(1192, 88, 'Annobon'),
(1193, 88, 'Bioko Norte'),
(1194, 88, 'Bioko Sur'),
(1195, 88, 'Centro Sur'),
(1196, 88, 'Kie-Ntem'),
(1197, 88, 'Litoral'),
(1198, 88, 'Wele-Nzas'),
(1199, 89, 'Agion Oros'),
(1200, 89, 'Achaia'),
(1201, 89, 'Aitolia kai Akarmania'),
(1202, 89, 'Argolis'),
(1203, 89, 'Arkadia'),
(1204, 89, 'Arta'),
(1205, 89, 'Attiki'),
(1206, 89, 'Chalkidiki'),
(1207, 89, 'Chanion'),
(1208, 89, 'Chios'),
(1209, 89, 'Dodekanisos'),
(1210, 89, 'Drama'),
(1211, 89, 'Evros'),
(1212, 89, 'Evrytania'),
(1213, 89, 'Evvoia'),
(1214, 89, 'Florina'),
(1215, 89, 'Fokidos'),
(1216, 89, 'Fthiotis'),
(1217, 89, 'Grevena'),
(1218, 89, 'Ileia'),
(1219, 89, 'Imathia'),
(1220, 89, 'Ioannina'),
(1221, 89, 'Irakleion'),
(1222, 89, 'Karditsa'),
(1223, 89, 'Kastoria'),
(1224, 89, 'Kavala'),
(1225, 89, 'Kefallinia'),
(1226, 89, 'Kerkyra'),
(1227, 89, 'Kilkis'),
(1228, 89, 'Korinthia'),
(1229, 89, 'Kozani'),
(1230, 89, 'Kyklades'),
(1231, 89, 'Lakonia'),
(1232, 89, 'Larisa'),
(1233, 89, 'Lasithi'),
(1234, 89, 'Lefkas'),
(1235, 89, 'Lesvos'),
(1236, 89, 'Magnisia'),
(1237, 89, 'Messinia'),
(1238, 89, 'Pella'),
(1239, 89, 'Pieria'),
(1240, 89, 'Preveza'),
(1241, 89, 'Rethynnis'),
(1242, 89, 'Rodopi'),
(1243, 89, 'Samos'),
(1244, 89, 'Serrai'),
(1245, 89, 'Thesprotia'),
(1246, 89, 'Thessaloniki'),
(1247, 89, 'Trikala'),
(1248, 89, 'Voiotia'),
(1249, 89, 'Xanthi'),
(1250, 89, 'Zakynthos'),
(1251, 91, 'Alta Verapaz'),
(1252, 91, 'Baja Verapaz'),
(1253, 91, 'Chimaltenango'),
(1254, 91, 'Chiquimula'),
(1255, 91, 'El Progreso'),
(1256, 91, 'Escuintla'),
(1257, 91, 'Guatemala'),
(1258, 91, 'Huehuetenango'),
(1259, 91, 'Izabal'),
(1260, 91, 'Jalapa'),
(1261, 91, 'Jutiapa'),
(1262, 91, 'Peten'),
(1263, 91, 'Quetzaltenango'),
(1264, 91, 'Quiche'),
(1265, 91, 'Retalhuleu'),
(1266, 91, 'Sacatepequez'),
(1267, 91, 'San Marcos'),
(1268, 91, 'Santa Rosa'),
(1269, 91, 'Solola'),
(1270, 91, 'Suchitepequez'),
(1271, 91, 'Totonicapan'),
(1272, 91, 'Zacapa'),
(1273, 93, 'Bafata'),
(1274, 93, 'Biombo'),
(1275, 93, 'Bissau'),
(1276, 93, 'Bolama'),
(1277, 93, 'Cacheu'),
(1278, 93, 'Gabu'),
(1279, 93, 'Oio'),
(1280, 93, 'Quinara'),
(1281, 93, 'Tombali'),
(1282, 94, 'Barima-Waini'),
(1283, 94, 'Cuyuni-Mazaruni'),
(1284, 94, 'Demerara-Mahaica'),
(1285, 94, 'East Berbice-Corentyne'),
(1286, 94, 'Essequibo Islands-West Demerara'),
(1287, 94, 'Mahaica-Berbice'),
(1288, 94, 'Pomeroon-Supenaam'),
(1289, 94, 'Potaro-Siparuni'),
(1290, 94, 'Upper Demerara-Berbice'),
(1291, 94, 'Upper Takutu-Upper Essequibo'),
(1292, 95, 'Islands'),
(1293, 95, 'Kwai Tsing'),
(1294, 95, 'North'),
(1295, 95, 'Sai Kung'),
(1296, 95, 'Sha Tin'),
(1297, 95, 'Tai Po'),
(1298, 95, 'Tsuen Wan'),
(1299, 95, 'Tuen Mun'),
(1300, 95, 'Yuen Long'),
(1301, 95, 'Kowloon City'),
(1302, 95, 'Kwun Tong'),
(1303, 95, 'Sham Shui Po'),
(1304, 95, 'Wong Tai Sin'),
(1305, 95, 'Yau Tsim Mong'),
(1306, 95, 'Central and Western'),
(1307, 95, 'Eastern'),
(1308, 95, 'Southern'),
(1309, 95, 'Wan Chai'),
(1310, 97, 'Atlantida'),
(1311, 97, 'Choluteca'),
(1312, 97, 'Colon'),
(1313, 97, 'Comayagua'),
(1314, 97, 'Copan'),
(1315, 97, 'Cortes'),
(1316, 97, 'El Paraiso'),
(1317, 97, 'Francisco Morazan'),
(1318, 97, 'Gracias a Dios'),
(1319, 97, 'Intibuca'),
(1320, 97, 'Islas de la Bahia'),
(1321, 97, 'La Paz'),
(1322, 97, 'Lempira'),
(1323, 97, 'Ocotepeque'),
(1324, 97, 'Olancho'),
(1325, 97, 'Santa Barbara'),
(1326, 97, 'Valle'),
(1327, 97, 'Yoro'),
(1328, 98, 'Bjelovarsko-Bilogorska'),
(1329, 98, 'Brodsko-Posavska'),
(1330, 98, 'Dubrovacko-Neretvanska'),
(1331, 98, 'Istarska'),
(1332, 98, 'Karlovacka'),
(1333, 98, 'Koprivnicko-Krizevacka'),
(1334, 98, 'Krapinsko-Zagorska'),
(1335, 98, 'Licko-Senjska'),
(1336, 98, 'Medimurska'),
(1337, 98, 'Osjecko-Baranjska'),
(1338, 98, 'Pozesko-Slavonska'),
(1339, 98, 'Primorsko-Goranska'),
(1340, 98, 'Sibensko-Kninska'),
(1341, 98, 'Sisacko-Moslavacka'),
(1342, 98, 'Splitsko-Dalmatinska'),
(1343, 98, 'Varazdinska'),
(1344, 98, 'Viroviticko-Podravska'),
(1345, 98, 'Vukovarsko-Srijemska'),
(1346, 98, 'Zadarska'),
(1347, 98, 'Zagreb'),
(1348, 98, 'Zagrebacka'),
(1349, 99, 'Artibonite'),
(1350, 99, 'Centre'),
(1351, 99, 'Grand `Anse'),
(1352, 99, 'Nord'),
(1353, 99, 'Nord-Est'),
(1354, 99, 'Nord-Ouest'),
(1355, 99, 'Ouest'),
(1356, 99, 'Sud'),
(1357, 99, 'Sud-Est'),
(1358, 100, 'Bacs-Kiskun'),
(1359, 100, 'Baranya'),
(1360, 100, 'Bekes'),
(1361, 100, 'Borsod-Abauj-Zemplen'),
(1362, 100, 'Csongrad'),
(1363, 100, 'Fejer'),
(1364, 100, 'Gyor-Moson-Sopron'),
(1365, 100, 'Hajdu-Bihar'),
(1366, 100, 'Heves'),
(1367, 100, 'Jasz-Nagykun-Szolnok'),
(1368, 100, 'Komarom-Esztergom'),
(1369, 100, 'Nograd'),
(1370, 100, 'Pest'),
(1371, 100, 'Somogy'),
(1372, 100, 'Szabolcs-Szatmar-Bereg'),
(1373, 100, 'Tolna'),
(1374, 100, 'Vas'),
(1375, 100, 'Veszprem'),
(1376, 100, 'Zala'),
(1377, 101, 'Aceh'),
(1378, 101, 'Bali'),
(1379, 101, 'Banten'),
(1380, 101, 'Bengkulu'),
(1381, 101, 'Gorontalo'),
(1382, 101, 'Irian Jaya Barat'),
(1383, 101, 'Jakarta Raya'),
(1384, 101, 'Jambi'),
(1385, 101, 'Jawa Barat'),
(1386, 101, 'Jawa Tengah'),
(1387, 101, 'Jawa Timur'),
(1388, 101, 'Kalimantan Barat'),
(1389, 101, 'Kalimantan Selatan'),
(1390, 101, 'Kalimantan Tengah'),
(1391, 101, 'Kalimantan Timur'),
(1392, 101, 'Kepulauan Bangka Belitung'),
(1393, 101, 'Kepulauan Riau'),
(1394, 101, 'Lampung'),
(1395, 101, 'Maluku'),
(1396, 101, 'Maluku Utara'),
(1397, 101, 'Nusa Tenggara Barat'),
(1398, 101, 'Nusa Tenggara Timur'),
(1399, 101, 'Papua'),
(1400, 101, 'Riau'),
(1401, 101, 'Sulawesi Barat'),
(1402, 101, 'Sulawesi Selatan'),
(1403, 101, 'Sulawesi Tengah'),
(1404, 101, 'Sulawesi Tenggara'),
(1405, 101, 'Sulawesi Utara'),
(1406, 101, 'Sumatera Barat'),
(1407, 101, 'Sumatera Selatan'),
(1408, 101, 'Sumatera Utara'),
(1409, 101, 'DI Yogyakarta'),
(1410, 102, 'Carlow'),
(1411, 102, 'Cavan'),
(1412, 102, 'Clare'),
(1413, 102, 'Cork'),
(1414, 102, 'Donegal'),
(1415, 102, 'Dublin'),
(1416, 102, 'Galway'),
(1417, 102, 'Kerry'),
(1418, 102, 'Kildare'),
(1419, 102, 'Kilkenny'),
(1420, 102, 'Laois'),
(1421, 102, 'Leitrim'),
(1422, 102, 'Limerick'),
(1423, 102, 'Longford'),
(1424, 102, 'Louth'),
(1425, 102, 'Mayo'),
(1426, 102, 'Meath'),
(1427, 102, 'Monaghan'),
(1428, 102, 'Offaly'),
(1429, 102, 'Roscommon'),
(1430, 102, 'Sligo'),
(1431, 102, 'Tipperary'),
(1432, 102, 'Waterford'),
(1433, 102, 'Westmeath'),
(1434, 102, 'Wexford'),
(1435, 102, 'Wicklow'),
(1436, 103, 'Central'),
(1437, 103, 'Haifa'),
(1438, 103, 'Jerusalem'),
(1439, 103, 'Northern'),
(1440, 103, 'Southern'),
(1441, 103, 'Tel Aviv'),
(1442, 105, 'Andaman and Nicobar Islands'),
(1443, 105, 'Andhra Pradesh'),
(1444, 105, 'Arunachal Pradesh'),
(1445, 105, 'Assam'),
(1446, 105, 'Bihar'),
(1447, 105, 'Chandigarh'),
(1448, 105, 'Chhattisgarh'),
(1449, 105, 'Dadra and Nagar Haveli'),
(1450, 105, 'Daman and Diu'),
(1451, 105, 'Delhi'),
(1452, 105, 'Goa'),
(1453, 105, 'Gujarat'),
(1454, 105, 'Haryana'),
(1455, 105, 'Himachal Pradesh'),
(1456, 105, 'Jammu and Kashmir'),
(1457, 105, 'Jharkhand'),
(1458, 105, 'Karnataka'),
(1459, 105, 'Kerala'),
(1460, 105, 'Ladakh'),
(1461, 105, 'Lakshadweep'),
(1462, 105, 'Madhya Pradesh'),
(1463, 105, 'Maharashtra'),
(1464, 105, 'Manipur'),
(1465, 105, 'Meghalaya'),
(1466, 105, 'Mizoram'),
(1467, 105, 'Nagaland'),
(1468, 105, 'Orissa'),
(1469, 105, 'Pondicherry'),
(1470, 105, 'Punjab'),
(1471, 105, 'Rajasthan'),
(1472, 105, 'Sikkim'),
(1473, 105, 'Tamil Nadu'),
(1474, 105, 'Telangana'),
(1475, 105, 'Tripura'),
(1476, 105, 'Uttaranchal'),
(1477, 105, 'Uttar Pradesh'),
(1478, 105, 'West Bengal'),
(1479, 107, 'Al Anbar'),
(1480, 107, 'Al Basrah'),
(1481, 107, 'Al Muthanna'),
(1482, 107, 'Al Qadisiyah'),
(1483, 107, 'An Najaf'),
(1484, 107, 'Arbil'),
(1485, 107, 'As Sulaymaniyah'),
(1486, 107, 'At Ta`mim'),
(1487, 107, 'Babil'),
(1488, 107, 'Baghdad'),
(1489, 107, 'Dahuk'),
(1490, 107, 'Dhi Qar'),
(1491, 107, 'Diyala'),
(1492, 107, 'Karbala'),
(1493, 107, 'Maysan'),
(1494, 107, 'Ninawa'),
(1495, 107, 'Salah ad Din'),
(1496, 107, 'Wasit'),
(1497, 108, 'Ardabil'),
(1498, 108, 'Azarbayjan-e Gharbi'),
(1499, 108, 'Azarbayjan-e Sharqi'),
(1500, 108, 'Bushehr'),
(1501, 108, 'Chahar Mahall va Bakhtiari'),
(1502, 108, 'Esfahan'),
(1503, 108, 'Fars'),
(1504, 108, 'Gilan'),
(1505, 108, 'Golestan'),
(1506, 108, 'Hamadan'),
(1507, 108, 'Hormozgan'),
(1508, 108, 'Ilam'),
(1509, 108, 'Kerman'),
(1510, 108, 'Kermanshah'),
(1511, 108, 'Khorasan-e Janubi'),
(1512, 108, 'Khorasan-e Razavi'),
(1513, 108, 'Khorasan-e Shemali'),
(1514, 108, 'Khuzestan'),
(1515, 108, 'Kohgiluyeh va Buyer Ahmad'),
(1516, 108, 'Kordestan'),
(1517, 108, 'Lorestan'),
(1518, 108, 'Markazi'),
(1519, 108, 'Mazandaran'),
(1520, 108, 'Qazvin'),
(1521, 108, 'Qom'),
(1522, 108, 'Semnan'),
(1523, 108, 'Sistan va Baluchestan'),
(1524, 108, 'Tehran'),
(1525, 108, 'Yazd'),
(1526, 108, 'Zanjan'),
(1527, 109, 'Austurland'),
(1528, 109, 'Hofudhborgarsvaedhi'),
(1529, 109, 'Nordhurland Eystra'),
(1530, 109, 'Nordhurland Vestra'),
(1531, 109, 'Sudhurland'),
(1532, 109, 'Sudhurnes'),
(1533, 109, 'Vestfirdhir'),
(1534, 109, 'Vesturland'),
(1535, 110, 'Abruzzo'),
(1536, 110, 'Basilicata'),
(1537, 110, 'Calabria'),
(1538, 110, 'Campania'),
(1539, 110, 'Emilia-Romagna'),
(1540, 110, 'Friuli-Venezia Giulia'),
(1541, 110, 'Lazio'),
(1542, 110, 'Liguria'),
(1543, 110, 'Lombardia'),
(1544, 110, 'Marche'),
(1545, 110, 'Molise'),
(1546, 110, 'Piemonte'),
(1547, 110, 'Puglia'),
(1548, 110, 'Sardegna'),
(1549, 110, 'Sicilia'),
(1550, 110, 'Toscana'),
(1551, 110, 'Trentino-Alto Adige'),
(1552, 110, 'Umbria'),
(1553, 110, 'Valle d`Aosta'),
(1554, 110, 'Veneto'),
(1555, 112, 'Clarendon'),
(1556, 112, 'Hanover'),
(1557, 112, 'Kingston'),
(1558, 112, 'Manchester'),
(1559, 112, 'Portland'),
(1560, 112, 'Saint Andrew'),
(1561, 112, 'Saint Ann'),
(1562, 112, 'Saint Catherine'),
(1563, 112, 'Saint Elizabeth'),
(1564, 112, 'Saint James'),
(1565, 112, 'Saint Mary'),
(1566, 112, 'Saint Thomas'),
(1567, 112, 'Trelawny'),
(1568, 112, 'Westmoreland'),
(1569, 113, 'Ajlun'),
(1570, 113, 'Al `Aqabah'),
(1571, 113, 'Al Balqa'),
(1572, 113, 'Al Karak'),
(1573, 113, 'Al Mafraq'),
(1574, 113, 'Amman'),
(1575, 113, 'At Tafilah'),
(1576, 113, 'Az Zarqa'),
(1577, 113, 'Irbid'),
(1578, 113, 'Jarash'),
(1579, 113, 'Ma`an'),
(1580, 113, 'Madaba'),
(1581, 114, 'Aichi'),
(1582, 114, 'Akita'),
(1583, 114, 'Aomori'),
(1584, 114, 'Chiba'),
(1585, 114, 'Ehime'),
(1586, 114, 'Fukui'),
(1587, 114, 'Fukuoka'),
(1588, 114, 'Fukushima'),
(1589, 114, 'Gifu'),
(1590, 114, 'Gumma'),
(1591, 114, 'Hiroshima'),
(1592, 114, 'Hokkaido'),
(1593, 114, 'Hyogo'),
(1594, 114, 'Ibaraki'),
(1595, 114, 'Ishikawa'),
(1596, 114, 'Iwate'),
(1597, 114, 'Kagawa'),
(1598, 114, 'Kagoshima'),
(1599, 114, 'Kanagawa'),
(1600, 114, 'Kochi'),
(1601, 114, 'Kumamoto'),
(1602, 114, 'Kyoto'),
(1603, 114, 'Mie'),
(1604, 114, 'Miyagi'),
(1605, 114, 'Miyazaki'),
(1606, 114, 'Nagano'),
(1607, 114, 'Nagasaki'),
(1608, 114, 'Nara'),
(1609, 114, 'Niigata'),
(1610, 114, 'Oita'),
(1611, 114, 'Okayama'),
(1612, 114, 'Okinawa'),
(1613, 114, 'Osaka'),
(1614, 114, 'Saga'),
(1615, 114, 'Saitama'),
(1616, 114, 'Shiga'),
(1617, 114, 'Shimane'),
(1618, 114, 'Shizuoka'),
(1619, 114, 'Tochigi'),
(1620, 114, 'Tokushima'),
(1621, 114, 'Tokyo'),
(1622, 114, 'Tottori'),
(1623, 114, 'Toyama'),
(1624, 114, 'Wakayama'),
(1625, 114, 'Yamagata'),
(1626, 114, 'Yamaguchi'),
(1627, 114, 'Yamanashi'),
(1628, 115, 'Central'),
(1629, 115, 'Coast'),
(1630, 115, 'Eastern'),
(1631, 115, 'Nairobi Area'),
(1632, 115, 'North Eastern'),
(1633, 115, 'Nyanza'),
(1634, 115, 'Rift Valley'),
(1635, 115, 'Western'),
(1636, 116, 'Batken Oblasty'),
(1637, 116, 'Bishkek Shaary'),
(1638, 116, 'Chuy Oblasty'),
(1639, 116, 'Jalal-Abad Oblasty'),
(1640, 116, 'Naryn Oblasty'),
(1641, 116, 'Osh Oblasty'),
(1642, 116, 'Talas Oblasty'),
(1643, 116, 'Ysyk-Kol Oblasty'),
(1644, 117, 'Banteay Mean Chey'),
(1645, 117, 'Batdambang'),
(1646, 117, 'Kampong Cham'),
(1647, 117, 'Kampong Chhnang'),
(1648, 117, 'Kampong Spoe'),
(1649, 117, 'Kampong Thum'),
(1650, 117, 'Kampot'),
(1651, 117, 'Kandal'),
(1652, 117, 'Koh Kong'),
(1653, 117, 'Kracheh'),
(1654, 117, 'Mondol Kiri'),
(1655, 117, 'Otdar Mean Chey'),
(1656, 117, 'Pouthisat'),
(1657, 117, 'Preah Vihear'),
(1658, 117, 'Prey Veng'),
(1659, 117, 'Rotanakir'),
(1660, 117, 'Siem Reab'),
(1661, 117, 'Stoeng Treng'),
(1662, 117, 'Svay Rieng'),
(1663, 117, 'Takao'),
(1664, 117, 'Keb'),
(1665, 117, 'Pailin'),
(1666, 117, 'Phnom Penh'),
(1667, 117, 'Preah Seihanu'),
(1668, 118, 'Banaba'),
(1669, 118, 'Tarawa'),
(1670, 118, 'Northern Gilbert Islands'),
(1671, 118, 'Central Gilbert Island'),
(1672, 118, 'Southern Gilbert Islands'),
(1673, 118, 'Line Islands'),
(1674, 119, 'Grande Comore (Njazidja)'),
(1675, 119, 'Anjouan (Nzwani)'),
(1676, 119, 'Moheli (Mwali)'),
(1677, 123, 'Al Ahmadi'),
(1678, 123, 'Al Farwaniyah'),
(1679, 123, 'Al Asimah'),
(1680, 123, 'Al Jahra'),
(1681, 123, 'Hawalli'),
(1682, 123, 'Mubarak Al-Kabeer'),
(1683, 125, 'Almaty Oblysy'),
(1684, 125, 'Almaty Qalasy'),
(1685, 125, 'Aqmola Oblysy'),
(1686, 125, 'Aqtobe Oblysy'),
(1687, 125, 'Astana Qalasy'),
(1688, 125, 'Atyrau Oblysy'),
(1689, 125, 'Batys Qazaqstan Oblysy'),
(1690, 125, 'Bayqongyr Qalasy'),
(1691, 125, 'Mangghystau Oblysy'),
(1692, 125, 'Ongtustik Qazaqstan Oblysy'),
(1693, 125, 'Pavlodar Oblysy'),
(1694, 125, 'Qaraghandy Oblysy'),
(1695, 125, 'Qostanay Oblysy'),
(1696, 125, 'Qyzylorda Oblysy'),
(1697, 125, 'Shyghys Qazaqstan Oblysy'),
(1698, 125, 'Soltustik Qazaqstan Oblysy'),
(1699, 125, 'Zhambyl Oblysy'),
(1700, 126, 'Attapu'),
(1701, 126, 'Bokeo'),
(1702, 126, 'Bolikhamxai'),
(1703, 126, 'Champasak'),
(1704, 126, 'Houaphan'),
(1705, 126, 'Khammouan'),
(1706, 126, 'Louangnamtha'),
(1707, 126, 'Louangphrabang'),
(1708, 126, 'Oudomxai'),
(1709, 126, 'Phongsali'),
(1710, 126, 'Salavan'),
(1711, 126, 'Savannakhet'),
(1712, 126, 'Viangchan'),
(1713, 126, 'Viangchan'),
(1714, 126, 'Xaignabouli'),
(1715, 126, 'Xaisomboun'),
(1716, 126, 'Xekong'),
(1717, 126, 'Xiangkhoang'),
(1718, 127, 'Beyrouth'),
(1719, 127, 'Beqaa'),
(1720, 127, 'Liban-Nord'),
(1721, 127, 'Liban-Sud'),
(1722, 127, 'Mont-Liban'),
(1723, 127, 'Nabatiye'),
(1724, 129, 'Balzers'),
(1725, 129, 'Eschen'),
(1726, 129, 'Gamprin'),
(1727, 129, 'Mauren'),
(1728, 129, 'Planken'),
(1729, 129, 'Ruggell'),
(1730, 129, 'Schaan'),
(1731, 129, 'Schellenberg'),
(1732, 129, 'Triesen'),
(1733, 129, 'Triesenberg'),
(1734, 129, 'Vaduz'),
(1735, 130, 'Central'),
(1736, 130, 'North Central'),
(1737, 130, 'Northern'),
(1738, 130, 'Eastern'),
(1739, 130, 'North Western'),
(1740, 130, 'Sabaragamuwa'),
(1741, 130, 'Southern'),
(1742, 130, 'Uva'),
(1743, 130, 'Western'),
(1744, 131, 'Bomi'),
(1745, 131, 'Bong'),
(1746, 131, 'Gbarpolu'),
(1747, 131, 'Grand Bassa'),
(1748, 131, 'Grand Cape Mount'),
(1749, 131, 'Grand Gedeh'),
(1750, 131, 'Grand Kru'),
(1751, 131, 'Lofa'),
(1752, 131, 'Margibi'),
(1753, 131, 'Maryland'),
(1754, 131, 'Montserrado'),
(1755, 131, 'Nimba'),
(1756, 131, 'River Cess'),
(1757, 131, 'River Gee'),
(1758, 131, 'Sinoe'),
(1759, 132, 'Berea'),
(1760, 132, 'Butha-Buthe'),
(1761, 132, 'Leribe'),
(1762, 132, 'Mafeteng'),
(1763, 132, 'Maseru'),
(1764, 132, 'Mohale`s Hoek'),
(1765, 132, 'Mokhotlong'),
(1766, 132, 'Qacha`s Nek'),
(1767, 132, 'Quthing'),
(1768, 132, 'Thaba-Tseka'),
(1769, 133, 'Alytaus'),
(1770, 133, 'Kauno'),
(1771, 133, 'Klaipedos'),
(1772, 133, 'Marijampoles'),
(1773, 133, 'Panevezio'),
(1774, 133, 'Siauliu'),
(1775, 133, 'Taurages'),
(1776, 133, 'Telsiu'),
(1777, 133, 'Utenos'),
(1778, 133, 'Vilniaus'),
(1779, 134, 'Diekirch'),
(1780, 134, 'Grevenmacher'),
(1781, 134, 'Luxembourg'),
(1782, 135, 'Aizkraukles Rajons'),
(1783, 135, 'Aluksnes Rajons'),
(1784, 135, 'Balvu Rajons'),
(1785, 135, 'Bauskas Rajons'),
(1786, 135, 'Cesu Rajons'),
(1787, 135, 'Daugavpils'),
(1788, 135, 'Daugavpils Rajons'),
(1789, 135, 'Dobeles Rajons'),
(1790, 135, 'Gulbenes Rajons'),
(1791, 135, 'Jekabpils Rajons'),
(1792, 135, 'Jelgava'),
(1793, 135, 'Jelgavas Rajons'),
(1794, 135, 'Jurmala'),
(1795, 135, 'Kraslavas Rajons'),
(1796, 135, 'Kuldigas Rajons'),
(1797, 135, 'Liepaja'),
(1798, 135, 'Liepajas Rajons'),
(1799, 135, 'Limbazu Rajons'),
(1800, 135, 'Ludzas Rajons'),
(1801, 135, 'Madonas Rajons'),
(1802, 135, 'Ogres Rajons'),
(1803, 135, 'Preilu Rajons'),
(1804, 135, 'Rezekne'),
(1805, 135, 'Rezeknes Rajons'),
(1806, 135, 'Riga'),
(1807, 135, 'Rigas Rajons'),
(1808, 135, 'Saldus Rajons'),
(1809, 135, 'Talsu Rajons'),
(1810, 135, 'Tukuma Rajons'),
(1811, 135, 'Valkas Rajons'),
(1812, 135, 'Valmieras Rajons'),
(1813, 135, 'Ventspils'),
(1814, 135, 'Ventspils Rajons'),
(1815, 136, 'Ajdabiya'),
(1816, 136, 'Al Aziziyah'),
(1817, 136, 'Al Fatih'),
(1818, 136, 'Al Jabal al Akhdar'),
(1819, 136, 'Al Jufrah'),
(1820, 136, 'Al Khums'),
(1821, 136, 'Al Kufrah'),
(1822, 136, 'An Nuqat al Khams'),
(1823, 136, 'Ash Shati'),
(1824, 136, 'Awbari'),
(1825, 136, 'Az Zawiyah'),
(1826, 136, 'Banghazi'),
(1827, 136, 'Darnah'),
(1828, 136, 'Ghadamis'),
(1829, 136, 'Gharyan'),
(1830, 136, 'Misratah'),
(1831, 136, 'Murzuq'),
(1832, 136, 'Sabha'),
(1833, 136, 'Sawfajjin'),
(1834, 136, 'Surt'),
(1835, 136, 'Tarabulus'),
(1836, 136, 'Tarhunah'),
(1837, 136, 'Tubruq'),
(1838, 136, 'Yafran'),
(1839, 136, 'Zlitan'),
(1840, 137, 'Agadir'),
(1841, 137, 'Al Hoceima'),
(1842, 137, 'Azilal'),
(1843, 137, 'Beni Mellal'),
(1844, 137, 'Ben Slimane'),
(1845, 137, 'Boulemane'),
(1846, 137, 'Casablanca'),
(1847, 137, 'Chaouen'),
(1848, 137, 'El Jadida'),
(1849, 137, 'El Kelaa des Sraghna'),
(1850, 137, 'Er Rachidia'),
(1851, 137, 'Essaouira'),
(1852, 137, 'Fes'),
(1853, 137, 'Figuig'),
(1854, 137, 'Guelmim'),
(1855, 137, 'Ifrane'),
(1856, 137, 'Kenitra'),
(1857, 137, 'Khemisset'),
(1858, 137, 'Khenifra'),
(1859, 137, 'Khouribga'),
(1860, 137, 'Laayoune'),
(1861, 137, 'Larache'),
(1862, 137, 'Marrakech'),
(1863, 137, 'Meknes'),
(1864, 137, 'Nador'),
(1865, 137, 'Ouarzazate'),
(1866, 137, 'Oujda'),
(1867, 137, 'Rabat-Sale'),
(1868, 137, 'Safi'),
(1869, 137, 'Settat'),
(1870, 137, 'Sidi Kacem'),
(1871, 137, 'Tangier'),
(1872, 137, 'Tan-Tan'),
(1873, 137, 'Taounate'),
(1874, 137, 'Taroudannt'),
(1875, 137, 'Tata'),
(1876, 137, 'Taza'),
(1877, 137, 'Tetouan'),
(1878, 137, 'Tiznit'),
(1879, 138, 'Monaco-Ville'),
(1880, 138, 'La Condamine'),
(1881, 138, 'Monte Carlo'),
(1882, 138, 'Fontvieille'),
(1883, 139, 'Anenii Noi'),
(1884, 139, 'Basarabeasca'),
(1885, 139, 'Briceni'),
(1886, 139, 'Cahul'),
(1887, 139, 'Cantemir'),
(1888, 139, 'Calarasi'),
(1889, 139, 'Causeni'),
(1890, 139, 'Cimislia'),
(1891, 139, 'Criuleni'),
(1892, 139, 'Donduseni'),
(1893, 139, 'Drochia'),
(1894, 139, 'Dubasari'),
(1895, 139, 'Edinet'),
(1896, 139, 'Falesti'),
(1897, 139, 'Floresti'),
(1898, 139, 'Glodeni'),
(1899, 139, 'Hincesti'),
(1900, 139, 'Ialoveni'),
(1901, 139, 'Leova'),
(1902, 139, 'Nisporeni'),
(1903, 139, 'Ocnita'),
(1904, 139, 'Orhei'),
(1905, 139, 'Rezina'),
(1906, 139, 'Riscani'),
(1907, 139, 'Singerei'),
(1908, 139, 'Soldanesti'),
(1909, 139, 'Soroca'),
(1910, 139, 'Stefan-Voda'),
(1911, 139, 'Straseni'),
(1912, 139, 'Taraclia'),
(1913, 139, 'Telenesti'),
(1914, 139, 'Ungheni'),
(1915, 139, 'Balti'),
(1916, 139, 'Bender'),
(1917, 139, 'Chisinau'),
(1918, 139, 'Gagauzia'),
(1919, 139, 'Stinga Nistrului'),
(1920, 142, 'Antananarivo'),
(1921, 142, 'Antsiranana'),
(1922, 142, 'Fianarantsoa'),
(1923, 142, 'Mahajanga'),
(1924, 142, 'Toamasina'),
(1925, 142, 'Toliara'),
(1926, 143, 'Ailuk'),
(1927, 143, 'Ailinglaplap'),
(1928, 143, 'Arno'),
(1929, 143, 'Aur'),
(1930, 143, 'Ebon'),
(1931, 143, 'Enewetak'),
(1932, 143, 'Jabat'),
(1933, 143, 'Jaluit'),
(1934, 143, 'Kili'),
(1935, 143, 'Kwajalein'),
(1936, 143, 'Lae'),
(1937, 143, 'Lib'),
(1938, 143, 'Likiep'),
(1939, 143, 'Majuro'),
(1940, 143, 'Maloelap'),
(1941, 143, 'Mejit'),
(1942, 143, 'Mili'),
(1943, 143, 'Namorik'),
(1944, 143, 'Namu'),
(1945, 143, 'Rongelap'),
(1946, 143, 'Ujae'),
(1947, 143, 'Utirik'),
(1948, 143, 'Wotho'),
(1949, 143, 'Wotje'),
(1950, 143, 'Ailinginae'),
(1951, 143, 'Bikar'),
(1952, 143, 'Bikini'),
(1953, 143, 'Bokak'),
(1954, 143, 'Erikub'),
(1955, 143, 'Jemo'),
(1956, 143, 'Rongrik'),
(1957, 143, 'Toke'),
(1958, 143, 'Ujelang'),
(1959, 145, 'Bamako (Capital)'),
(1960, 145, 'Gao'),
(1961, 145, 'Kayes'),
(1962, 145, 'Kidal'),
(1963, 145, 'Koulikoro'),
(1964, 145, 'Mopti'),
(1965, 145, 'Segou'),
(1966, 145, 'Sikasso'),
(1967, 145, 'Tombouctou'),
(1968, 147, 'Arhangay'),
(1969, 147, 'Bayanhongor'),
(1970, 147, 'Bayan-Olgiy'),
(1971, 147, 'Bulgan'),
(1972, 147, 'Darhan Uul'),
(1973, 147, 'Dornod'),
(1974, 147, 'Dornogovi'),
(1975, 147, 'Dundgovi'),
(1976, 147, 'Dzavhan'),
(1977, 147, 'Govi-Altay'),
(1978, 147, 'Govi-Sumber'),
(1979, 147, 'Hentiy'),
(1980, 147, 'Hovd'),
(1981, 147, 'Hovsgol'),
(1982, 147, 'Omnogovi'),
(1983, 147, 'Orhon'),
(1984, 147, 'Ovorhangay'),
(1985, 147, 'Selenge'),
(1986, 147, 'Suhbaatar'),
(1987, 147, 'Tov'),
(1988, 147, 'Ulaanbaatar'),
(1989, 147, 'Uvs'),
(1990, 151, 'Adrar'),
(1991, 151, 'Assaba'),
(1992, 151, 'Brakna'),
(1993, 151, 'Dakhlet Nouadhibou'),
(1994, 151, 'Gorgol'),
(1995, 151, 'Guidimaka'),
(1996, 151, 'Hodh Ech Chargui'),
(1997, 151, 'Hodh El Gharbi'),
(1998, 151, 'Inchiri'),
(1999, 151, 'Nouakchott'),
(2000, 151, 'Tagant'),
(2001, 151, 'Tiris Zemmour'),
(2002, 151, 'Trarza'),
(2003, 153, 'Southern Harbour'),
(2004, 153, 'Northern Harbour'),
(2005, 153, 'Western District'),
(2006, 153, 'Northern District'),
(2007, 153, 'Gozo and Comino'),
(2008, 154, 'Agalega Islands'),
(2009, 154, 'Black River'),
(2010, 154, 'Cargados Carajos Shoals'),
(2011, 154, 'Flacq'),
(2012, 154, 'Grand Port'),
(2013, 154, 'Moka'),
(2014, 154, 'Pamplemousses'),
(2015, 154, 'Plaines Wilhems'),
(2016, 154, 'Port Louis'),
(2017, 154, 'Riviere du Rempart'),
(2018, 154, 'Rodrigues'),
(2019, 154, 'Savanne'),
(2020, 155, 'Alifu'),
(2021, 155, 'Baa'),
(2022, 155, 'Dhaalu'),
(2023, 155, 'Faafu'),
(2024, 155, 'Gaafu Alifu'),
(2025, 155, 'Gaafu Dhaalu'),
(2026, 155, 'Gnaviyani'),
(2027, 155, 'Haa Alifu'),
(2028, 155, 'Haa Dhaalu'),
(2029, 155, 'Kaafu'),
(2030, 155, 'Laamu'),
(2031, 155, 'Lhaviyani'),
(2032, 155, 'Maale'),
(2033, 155, 'Meemu'),
(2034, 155, 'Noonu'),
(2035, 155, 'Raa'),
(2036, 155, 'Seenu'),
(2037, 155, 'Shaviyani'),
(2038, 155, 'Thaa'),
(2039, 155, 'Vaavu'),
(2040, 156, 'Balaka'),
(2041, 156, 'Blantyre'),
(2042, 156, 'Chikwawa'),
(2043, 156, 'Chiradzulu'),
(2044, 156, 'Chitipa'),
(2045, 156, 'Dedza'),
(2046, 156, 'Dowa'),
(2047, 156, 'Karonga'),
(2048, 156, 'Kasungu'),
(2049, 156, 'Likoma'),
(2050, 156, 'Lilongwe'),
(2051, 156, 'Machinga'),
(2052, 156, 'Mangochi'),
(2053, 156, 'Mchinji'),
(2054, 156, 'Mulanje'),
(2055, 156, 'Mwanza'),
(2056, 156, 'Mzimba'),
(2057, 156, 'Ntcheu'),
(2058, 156, 'Nkhata Bay'),
(2059, 156, 'Nkhotakota'),
(2060, 156, 'Nsanje'),
(2061, 156, 'Ntchisi'),
(2062, 156, 'Phalombe'),
(2063, 156, 'Rumphi'),
(2064, 156, 'Salima'),
(2065, 156, 'Thyolo'),
(2066, 156, 'Zomba'),
(2067, 157, 'Aguascalientes'),
(2068, 157, 'Baja California'),
(2069, 157, 'Baja California Sur'),
(2070, 157, 'Campeche'),
(2071, 157, 'Chiapas'),
(2072, 157, 'Chihuahua'),
(2073, 157, 'Coahuila de Zaragoza'),
(2074, 157, 'Colima'),
(2075, 157, 'Distrito Federal'),
(2076, 157, 'Durango'),
(2077, 157, 'Guanajuato'),
(2078, 157, 'Guerrero'),
(2079, 157, 'Hidalgo'),
(2080, 157, 'Jalisco'),
(2081, 157, 'Mexico'),
(2082, 157, 'Michoacan de Ocampo'),
(2083, 157, 'Morelos'),
(2084, 157, 'Nayarit'),
(2085, 157, 'Nuevo Leon'),
(2086, 157, 'Oaxaca'),
(2087, 157, 'Puebla'),
(2088, 157, 'Queretaro de Arteaga'),
(2089, 157, 'Quintana Roo'),
(2090, 157, 'San Luis Potosi'),
(2091, 157, 'Sinaloa'),
(2092, 157, 'Sonora'),
(2093, 157, 'Tabasco'),
(2094, 157, 'Tamaulipas'),
(2095, 157, 'Tlaxcala'),
(2096, 157, 'Veracruz-Llave'),
(2097, 157, 'Yucatan'),
(2098, 157, 'Zacatecas'),
(2099, 158, 'Johor'),
(2100, 158, 'Kedah'),
(2101, 158, 'Kelantan'),
(2102, 158, 'Kuala Lumpur'),
(2103, 158, 'Labuan'),
(2104, 158, 'Malacca'),
(2105, 158, 'Negeri Sembilan'),
(2106, 158, 'Pahang'),
(2107, 158, 'Perak'),
(2108, 158, 'Perlis'),
(2109, 158, 'Penang'),
(2110, 158, 'Sabah'),
(2111, 158, 'Sarawak'),
(2112, 158, 'Selangor'),
(2113, 158, 'Terengganu'),
(2114, 159, 'Cabo Delgado'),
(2115, 159, 'Gaza'),
(2116, 159, 'Inhambane'),
(2117, 159, 'Manica'),
(2118, 159, 'Maputo'),
(2119, 159, 'Cidade de Maputo'),
(2120, 159, 'Nampula'),
(2121, 159, 'Niassa'),
(2122, 159, 'Sofala'),
(2123, 159, 'Tete'),
(2124, 159, 'Zambezia'),
(2125, 160, 'Caprivi');
INSERT INTO ref_country_states (id, country_id, name) VALUES
(2126, 160, 'Erongo'),
(2127, 160, 'Hardap'),
(2128, 160, 'Karas'),
(2129, 160, 'Khomas'),
(2130, 160, 'Kunene'),
(2131, 160, 'Ohangwena'),
(2132, 160, 'Okavango'),
(2133, 160, 'Omaheke'),
(2134, 160, 'Omusati'),
(2135, 160, 'Oshana'),
(2136, 160, 'Oshikoto'),
(2137, 160, 'Otjozondjupa'),
(2138, 162, 'Agadez'),
(2139, 162, 'Diffa'),
(2140, 162, 'Dosso'),
(2141, 162, 'Maradi'),
(2142, 162, 'Niamey'),
(2143, 162, 'Tahoua'),
(2144, 162, 'Tillaberi'),
(2145, 162, 'Zinder'),
(2146, 164, 'Abia'),
(2147, 164, 'Abuja Federal Capital'),
(2148, 164, 'Adamawa'),
(2149, 164, 'Akwa Ibom'),
(2150, 164, 'Anambra'),
(2151, 164, 'Bauchi'),
(2152, 164, 'Bayelsa'),
(2153, 164, 'Benue'),
(2154, 164, 'Borno'),
(2155, 164, 'Cross River'),
(2156, 164, 'Delta'),
(2157, 164, 'Ebonyi'),
(2158, 164, 'Edo'),
(2159, 164, 'Ekiti'),
(2160, 164, 'Enugu'),
(2161, 164, 'Gombe'),
(2162, 164, 'Imo'),
(2163, 164, 'Jigawa'),
(2164, 164, 'Kaduna'),
(2165, 164, 'Kano'),
(2166, 164, 'Katsina'),
(2167, 164, 'Kebbi'),
(2168, 164, 'Kogi'),
(2169, 164, 'Kwara'),
(2170, 164, 'Lagos'),
(2171, 164, 'Nassarawa'),
(2172, 164, 'Niger'),
(2173, 164, 'Ogun'),
(2174, 164, 'Ondo'),
(2175, 164, 'Osun'),
(2176, 164, 'Oyo'),
(2177, 164, 'Plateau'),
(2178, 164, 'Rivers'),
(2179, 164, 'Sokoto'),
(2180, 164, 'Taraba'),
(2181, 164, 'Yobe'),
(2182, 164, 'Zamfara'),
(2183, 165, 'Atlantico Norte'),
(2184, 165, 'Atlantico Sur'),
(2185, 165, 'Boaco'),
(2186, 165, 'Carazo'),
(2187, 165, 'Chinandega'),
(2188, 165, 'Chontales'),
(2189, 165, 'Esteli'),
(2190, 165, 'Granada'),
(2191, 165, 'Jinotega'),
(2192, 165, 'Leon'),
(2193, 165, 'Madriz'),
(2194, 165, 'Managua'),
(2195, 165, 'Masaya'),
(2196, 165, 'Matagalpa'),
(2197, 165, 'Nueva Segovia'),
(2198, 165, 'Rio San Juan'),
(2199, 165, 'Rivas'),
(2200, 166, 'Drenthe'),
(2201, 166, 'Flevoland'),
(2202, 166, 'Friesland'),
(2203, 166, 'Gelderland'),
(2204, 166, 'Groningen'),
(2205, 166, 'Limburg'),
(2206, 166, 'Noord-Brabant'),
(2207, 166, 'Noord-Holland'),
(2208, 166, 'Overijssel'),
(2209, 166, 'Utrecht'),
(2210, 166, 'Zeeland'),
(2211, 166, 'Zuid-Holland'),
(2212, 167, 'Akershus'),
(2213, 167, 'Aust-Agder'),
(2214, 167, 'Buskerud'),
(2215, 167, 'Finnmark'),
(2216, 167, 'Hedmark'),
(2217, 167, 'Hordaland'),
(2218, 167, 'More og Romsdal'),
(2219, 167, 'Nordland'),
(2220, 167, 'Nord-Trondelag'),
(2221, 167, 'Oppland'),
(2222, 167, 'Oslo'),
(2223, 167, 'Ostfold'),
(2224, 167, 'Rogaland'),
(2225, 167, 'Sogn og Fjordane'),
(2226, 167, 'Sor-Trondelag'),
(2227, 167, 'Telemark'),
(2228, 167, 'Troms'),
(2229, 167, 'Vest-Agder'),
(2230, 167, 'Vestfold'),
(2231, 168, 'Bagmati'),
(2232, 168, 'Bheri'),
(2233, 168, 'Dhawalagiri'),
(2234, 168, 'Gandaki'),
(2235, 168, 'Janakpur'),
(2236, 168, 'Karnali'),
(2237, 168, 'Kosi'),
(2238, 168, 'Lumbini'),
(2239, 168, 'Mahakali'),
(2240, 168, 'Mechi'),
(2241, 168, 'Narayani'),
(2242, 168, 'Rapti'),
(2243, 168, 'Sagarmatha'),
(2244, 168, 'Seti'),
(2245, 169, 'Aiwo'),
(2246, 169, 'Anabar'),
(2247, 169, 'Anetan'),
(2248, 169, 'Anibare'),
(2249, 171, 'Auckland'),
(2250, 171, 'Bay of Plenty'),
(2251, 171, 'Canterbury'),
(2252, 171, 'Chatham Islands'),
(2253, 171, 'Gisborne'),
(2254, 171, 'Hawke`s Bay'),
(2255, 171, 'Manawatu-Wanganui'),
(2256, 171, 'Marlborough'),
(2257, 171, 'Nelson'),
(2258, 171, 'Northland'),
(2259, 171, 'Otago'),
(2260, 171, 'Southland'),
(2261, 171, 'Taranaki'),
(2262, 171, 'Tasman'),
(2263, 171, 'Waikato'),
(2264, 171, 'Wellington'),
(2265, 171, 'West Coast'),
(2266, 172, 'Ad Dakhiliyah'),
(2267, 172, 'Al Batinah'),
(2268, 172, 'Al Wusta'),
(2269, 172, 'Ash Sharqiyah'),
(2270, 172, 'Az Zahirah'),
(2271, 172, 'Masqat'),
(2272, 172, 'Musandam'),
(2273, 172, 'Dhofar'),
(2274, 173, 'Bocas del Toro'),
(2275, 173, 'Chiriqui'),
(2276, 173, 'Cocle'),
(2277, 173, 'Colon'),
(2278, 173, 'Darien'),
(2279, 173, 'Herrera'),
(2280, 173, 'Los Santos'),
(2281, 173, 'Panama'),
(2282, 173, 'San Blas'),
(2283, 173, 'Veraguas'),
(2284, 174, 'Amazonas'),
(2285, 174, 'Ancash'),
(2286, 174, 'Apurimac'),
(2287, 174, 'Arequipa'),
(2288, 174, 'Ayacucho'),
(2289, 174, 'Cajamarca'),
(2290, 174, 'Callao'),
(2291, 174, 'Cusco'),
(2292, 174, 'Huancavelica'),
(2293, 174, 'Huanuco'),
(2294, 174, 'Ica'),
(2295, 174, 'Junin'),
(2296, 174, 'La Libertad'),
(2297, 174, 'Lambayeque'),
(2298, 174, 'Lima'),
(2299, 174, 'Loreto'),
(2300, 174, 'Madre de Dios'),
(2301, 174, 'Moquegua'),
(2302, 174, 'Pasco'),
(2303, 174, 'Piura'),
(2304, 174, 'Puno'),
(2305, 174, 'San Martin'),
(2306, 174, 'Tacna'),
(2307, 174, 'Tumbes'),
(2308, 174, 'Ucayali'),
(2309, 175, 'Marquesas Islands'),
(2310, 175, 'Leeward Islands'),
(2311, 175, 'Windward Islands'),
(2312, 175, 'Tuāmotu-Gambier '),
(2313, 175, 'Austral Islands'),
(2314, 176, 'Bougainville'),
(2315, 176, 'Central'),
(2316, 176, 'Chimbu'),
(2317, 176, 'Eastern Highlands'),
(2318, 176, 'East New Britain'),
(2319, 176, 'East Sepik'),
(2320, 176, 'Enga'),
(2321, 176, 'Gulf'),
(2322, 176, 'Madang'),
(2323, 176, 'Manus'),
(2324, 176, 'Milne Bay'),
(2325, 176, 'Morobe'),
(2326, 176, 'National Capital'),
(2327, 176, 'New Ireland'),
(2328, 176, 'Northern'),
(2329, 176, 'Sandaun'),
(2330, 176, 'Southern Highlands'),
(2331, 176, 'Western'),
(2332, 176, 'Western Highlands'),
(2333, 176, 'West New Britain'),
(2334, 177, 'Abra'),
(2335, 177, 'Agusan del Norte'),
(2336, 177, 'Agusan del Sur'),
(2337, 177, 'Aklan'),
(2338, 177, 'Albay'),
(2339, 177, 'Antique'),
(2340, 177, 'Apayao'),
(2341, 177, 'Aurora'),
(2342, 177, 'Basilan'),
(2343, 177, 'Bataan'),
(2344, 177, 'Batanes'),
(2345, 177, 'Batangas'),
(2346, 177, 'Biliran'),
(2347, 177, 'Benguet'),
(2348, 177, 'Bohol'),
(2349, 177, 'Bukidnon'),
(2350, 177, 'Bulacan'),
(2351, 177, 'Cagayan'),
(2352, 177, 'Camarines Norte'),
(2353, 177, 'Camarines Sur'),
(2354, 177, 'Camiguin'),
(2355, 177, 'Capiz'),
(2356, 177, 'Catanduanes'),
(2357, 177, 'Cavite'),
(2358, 177, 'Cebu'),
(2359, 177, 'Compostela'),
(2360, 177, 'Davao del Norte'),
(2361, 177, 'Davao del Sur'),
(2362, 177, 'Davao Oriental'),
(2363, 177, 'Eastern Samar'),
(2364, 177, 'Guimaras'),
(2365, 177, 'Ifugao'),
(2366, 177, 'Ilocos Norte'),
(2367, 177, 'Ilocos Sur'),
(2368, 177, 'Iloilo'),
(2369, 177, 'Isabela'),
(2370, 177, 'Kalinga'),
(2371, 177, 'Laguna'),
(2372, 177, 'Lanao del Norte'),
(2373, 177, 'Lanao del Sur'),
(2374, 177, 'La Union'),
(2375, 177, 'Leyte'),
(2376, 177, 'Maguindanao'),
(2377, 177, 'Marinduque'),
(2378, 177, 'Masbate'),
(2379, 177, 'Mindoro Occidental'),
(2380, 177, 'Mindoro Oriental'),
(2381, 177, 'Misamis Occidental'),
(2382, 177, 'Misamis Oriental'),
(2383, 177, 'Mountain Province'),
(2384, 177, 'Negros Occidental'),
(2385, 177, 'Negros Oriental'),
(2386, 177, 'North Cotabato'),
(2387, 177, 'Northern Samar'),
(2388, 177, 'Nueva Ecija'),
(2389, 177, 'Nueva Vizcaya'),
(2390, 177, 'Palawan'),
(2391, 177, 'Pampanga'),
(2392, 177, 'Pangasinan'),
(2393, 177, 'Quezon'),
(2394, 177, 'Quirino'),
(2395, 177, 'Rizal'),
(2396, 177, 'Romblon'),
(2397, 177, 'Samar'),
(2398, 177, 'Sarangani'),
(2399, 177, 'Siquijor'),
(2400, 177, 'Sorsogon'),
(2401, 177, 'South Cotabato'),
(2402, 177, 'Southern Leyte'),
(2403, 177, 'Sultan Kudarat'),
(2404, 177, 'Sulu'),
(2405, 177, 'Surigao del Norte'),
(2406, 177, 'Surigao del Sur'),
(2407, 177, 'Tarlac'),
(2408, 177, 'Tawi-Tawi'),
(2409, 177, 'Zambales'),
(2410, 177, 'Zamboanga del Norte'),
(2411, 177, 'Zamboanga del Sur'),
(2412, 177, 'Zamboanga Sibugay'),
(2413, 178, 'Balochistan'),
(2414, 178, 'North-West Frontier Province'),
(2415, 178, 'Punjab'),
(2416, 178, 'Sindh'),
(2417, 178, 'Islamabad Capital Territory'),
(2418, 178, 'Federally Administered Tribal Areas'),
(2419, 179, 'Greater Poland (Wielkopolskie)'),
(2420, 179, 'Kuyavian-Pomeranian (Kujawsko-Pomorskie)'),
(2421, 179, 'Lesser Poland (Malopolskie)'),
(2422, 179, 'Lodz (Lodzkie)'),
(2423, 179, 'Lower Silesian (Dolnoslaskie)'),
(2424, 179, 'Lublin (Lubelskie)'),
(2425, 179, 'Lubusz (Lubuskie)'),
(2426, 179, 'Masovian (Mazowieckie)'),
(2427, 179, 'Opole (Opolskie)'),
(2428, 179, 'Podlasie (Podlaskie)'),
(2429, 179, 'Pomeranian (Pomorskie)'),
(2430, 179, 'Silesian (Slaskie)'),
(2431, 179, 'Subcarpathian (Podkarpackie)'),
(2432, 179, 'Swietokrzyskie (Swietokrzyskie)'),
(2433, 179, 'Warmian-Masurian (Warminsko-Mazurskie)'),
(2434, 179, 'West Pomeranian (Zachodniopomorskie)'),
(2435, 184, 'Aveiro'),
(2436, 184, 'Acores'),
(2437, 184, 'Beja'),
(2438, 184, 'Braga'),
(2439, 184, 'Braganca'),
(2440, 184, 'Castelo Branco'),
(2441, 184, 'Coimbra'),
(2442, 184, 'Evora'),
(2443, 184, 'Faro'),
(2444, 184, 'Guarda'),
(2445, 184, 'Leiria'),
(2446, 184, 'Lisboa'),
(2447, 184, 'Madeira'),
(2448, 184, 'Portalegre'),
(2449, 184, 'Porto'),
(2450, 184, 'Santarem'),
(2451, 184, 'Setubal'),
(2452, 184, 'Viana do Castelo'),
(2453, 184, 'Vila Real'),
(2454, 184, 'Viseu'),
(2455, 186, 'Alto Paraguay'),
(2456, 186, 'Alto Parana'),
(2457, 186, 'Amambay'),
(2458, 186, 'Asuncion'),
(2459, 186, 'Boqueron'),
(2460, 186, 'Caaguazu'),
(2461, 186, 'Caazapa'),
(2462, 186, 'Canindeyu'),
(2463, 186, 'Central'),
(2464, 186, 'Concepcion'),
(2465, 186, 'Cordillera'),
(2466, 186, 'Guaira'),
(2467, 186, 'Itapua'),
(2468, 186, 'Misiones'),
(2469, 186, 'Neembucu'),
(2470, 186, 'Paraguari'),
(2471, 186, 'Presidente Hayes'),
(2472, 186, 'San Pedro'),
(2473, 187, 'Ad Dawhah'),
(2474, 187, 'Al Ghuwayriyah'),
(2475, 187, 'Al Jumayliyah'),
(2476, 187, 'Al Khawr'),
(2477, 187, 'Al Wakrah'),
(2478, 187, 'Ar Rayyan'),
(2479, 187, 'Jarayan al Batinah'),
(2480, 187, 'Madinat ash Shamal'),
(2481, 187, 'Umm Sa`id'),
(2482, 187, 'Umm Salal'),
(2483, 189, 'Alba'),
(2484, 189, 'Arad'),
(2485, 189, 'Arges'),
(2486, 189, 'Bacau'),
(2487, 189, 'Bihor'),
(2488, 189, 'Bistrita-Nasaud'),
(2489, 189, 'Botosani'),
(2490, 189, 'Braila'),
(2491, 189, 'Brasov'),
(2492, 189, 'Bucuresti'),
(2493, 189, 'Buzau'),
(2494, 189, 'Calarasi'),
(2495, 189, 'Caras-Severin'),
(2496, 189, 'Cluj'),
(2497, 189, 'Constanta'),
(2498, 189, 'Covasna'),
(2499, 189, 'Dimbovita'),
(2500, 189, 'Dolj'),
(2501, 189, 'Galati'),
(2502, 189, 'Gorj'),
(2503, 189, 'Giurgiu'),
(2504, 189, 'Harghita'),
(2505, 189, 'Hunedoara'),
(2506, 189, 'Ialomita'),
(2507, 189, 'Iasi'),
(2508, 189, 'Ilfov'),
(2509, 189, 'Maramures'),
(2510, 189, 'Mehedinti'),
(2511, 189, 'Mures'),
(2512, 189, 'Neamt'),
(2513, 189, 'Olt'),
(2514, 189, 'Prahova'),
(2515, 189, 'Salaj'),
(2516, 189, 'Satu Mare'),
(2517, 189, 'Sibiu'),
(2518, 189, 'Suceava'),
(2519, 189, 'Teleorman'),
(2520, 189, 'Timis'),
(2521, 189, 'Tulcea'),
(2522, 189, 'Vaslui'),
(2523, 189, 'Vilcea'),
(2524, 189, 'Vrancea'),
(2525, 190, 'Valjevo'),
(2526, 190, 'Šabac'),
(2527, 190, 'Čačak'),
(2528, 190, 'Jagodina'),
(2529, 190, 'Kruševac'),
(2530, 190, 'Kraljevo'),
(2531, 190, 'Kragujevac'),
(2532, 190, 'Užice'),
(2533, 190, 'Bor'),
(2534, 190, 'Požarevac'),
(2535, 190, 'Leskovac'),
(2536, 190, 'Niš'),
(2537, 190, 'Vranje'),
(2538, 190, 'Pirot'),
(2539, 190, 'Smederevo'),
(2540, 190, 'Prokuplje'),
(2541, 190, 'Zaječar'),
(2542, 190, 'Zrenjanin'),
(2543, 190, 'Subotica'),
(2544, 190, 'Kikinda'),
(2545, 190, 'Novi Sad'),
(2546, 190, 'Pančevo'),
(2547, 190, 'Sremska Mitrovica'),
(2548, 190, 'Sombor'),
(2549, 191, 'Amur'),
(2550, 191, 'Arkhangel`sk'),
(2551, 191, 'Astrakhan'),
(2552, 191, 'Belgorod'),
(2553, 191, 'Bryansk'),
(2554, 191, 'Chelyabinsk'),
(2555, 191, 'Chita'),
(2556, 191, 'Irkutsk'),
(2557, 191, 'Ivanovo'),
(2558, 191, 'Kaliningrad'),
(2559, 191, 'Kaluga'),
(2560, 191, 'Kamchatka'),
(2561, 191, 'Kemerovo'),
(2562, 191, 'Kirov'),
(2563, 191, 'Kostroma'),
(2564, 191, 'Kurgan'),
(2565, 191, 'Kursk'),
(2566, 191, 'Leningrad'),
(2567, 191, 'Lipetsk'),
(2568, 191, 'Magadan'),
(2569, 191, 'Moscow'),
(2570, 191, 'Murmansk'),
(2571, 191, 'Nizhniy Novgorod'),
(2572, 191, 'Novgorod'),
(2573, 191, 'Novosibirsk'),
(2574, 191, 'Omsk'),
(2575, 191, 'Orenburg'),
(2576, 191, 'Orel'),
(2577, 191, 'Penza'),
(2578, 191, 'Perm'),
(2579, 191, 'Pskov'),
(2580, 191, 'Rostov'),
(2581, 191, 'Ryazan'),
(2582, 191, 'Sakhalin'),
(2583, 191, 'Samara'),
(2584, 191, 'Saratov'),
(2585, 191, 'Smolensk'),
(2586, 191, 'Sverdlovsk'),
(2587, 191, 'Tambov'),
(2588, 191, 'Tomsk'),
(2589, 191, 'Tula'),
(2590, 191, 'Tver'),
(2591, 191, 'Tyumen'),
(2592, 191, 'Ul`yanovsk'),
(2593, 191, 'Vladimir'),
(2594, 191, 'Volgograd'),
(2595, 191, 'Vologda'),
(2596, 191, 'Voronezh'),
(2597, 191, 'Yaroslavl'),
(2598, 191, 'Adygeya'),
(2599, 191, 'Altay'),
(2600, 191, 'Bashkortostan'),
(2601, 191, 'Buryatiya'),
(2602, 191, 'Chechnya'),
(2603, 191, 'Chuvashiya'),
(2604, 191, 'Dagestan'),
(2605, 191, 'Ingushetiya'),
(2606, 191, 'Kabardino-Balkariya'),
(2607, 191, 'Kalmykiya'),
(2608, 191, 'Karachayevo-Cherkesiya'),
(2609, 191, 'Kareliya'),
(2610, 191, 'Khakasiya'),
(2611, 191, 'Komi'),
(2612, 191, 'Mariy-El'),
(2613, 191, 'Mordoviya'),
(2614, 191, 'Sakha'),
(2615, 191, 'North Ossetia'),
(2616, 191, 'Tatarstan'),
(2617, 191, 'Tyva'),
(2618, 191, 'Udmurtiya'),
(2619, 191, 'Aga Buryat'),
(2620, 191, 'Chukotka'),
(2621, 191, 'Evenk'),
(2622, 191, 'Khanty-Mansi'),
(2623, 191, 'Komi-Permyak'),
(2624, 191, 'Koryak'),
(2625, 191, 'Nenets'),
(2626, 191, 'Taymyr'),
(2627, 191, 'Ust-Orda Buryat'),
(2628, 191, 'Yamalo-Nenets'),
(2629, 191, 'Altay'),
(2630, 191, 'Khabarovsk'),
(2631, 191, 'Krasnodar'),
(2632, 191, 'Krasnoyarsk'),
(2633, 191, 'Primorskiy'),
(2634, 191, 'Stavropol'),
(2635, 191, 'Moscow'),
(2636, 191, 'St. Petersburg'),
(2637, 191, 'Yevrey'),
(2638, 192, 'Butare'),
(2639, 192, 'Byumba'),
(2640, 192, 'Cyangugu'),
(2641, 192, 'Gikongoro'),
(2642, 192, 'Gisenyi'),
(2643, 192, 'Gitarama'),
(2644, 192, 'Kibungo'),
(2645, 192, 'Kibuye'),
(2646, 192, 'Kigali Rurale'),
(2647, 192, 'Kigali-ville'),
(2648, 192, 'Umutara'),
(2649, 192, 'Ruhengeri'),
(2650, 193, 'Al Bahah'),
(2651, 193, 'Al Hudud ash Shamaliyah'),
(2652, 193, 'Al Jawf'),
(2653, 193, 'Al Madinah'),
(2654, 193, 'Al Qasim'),
(2655, 193, 'Ar Riyad'),
(2656, 193, 'Ash Sharqiyah'),
(2657, 193, 'Asir'),
(2658, 193, 'Ha`il'),
(2659, 193, 'Jizan'),
(2660, 193, 'Makkah'),
(2661, 193, 'Najran'),
(2662, 193, 'Tabuk'),
(2663, 194, 'Central'),
(2664, 194, 'Choiseul'),
(2665, 194, 'Guadalcanal'),
(2666, 194, 'Honiara'),
(2667, 194, 'Isabel'),
(2668, 194, 'Makira'),
(2669, 194, 'Malaita'),
(2670, 194, 'Rennell and Bellona'),
(2671, 194, 'Temotu'),
(2672, 194, 'Western'),
(2673, 195, 'Anse aux Pins'),
(2674, 195, 'Anse Boileau'),
(2675, 195, 'Anse Etoile'),
(2676, 195, 'Anse Louis'),
(2677, 195, 'Anse Royale'),
(2678, 195, 'Baie Lazare'),
(2679, 195, 'Baie Sainte Anne'),
(2680, 195, 'Beau Vallon'),
(2681, 195, 'Bel Air'),
(2682, 195, 'Bel Ombre'),
(2683, 195, 'Cascade'),
(2684, 195, 'Glacis'),
(2685, 195, 'Grand Anse'),
(2686, 195, 'Grand Anse'),
(2687, 195, 'La Digue'),
(2688, 195, 'La Riviere Anglaise'),
(2689, 195, 'Mont Buxton'),
(2690, 195, 'Mont Fleuri'),
(2691, 195, 'Plaisance'),
(2692, 195, 'Pointe La Rue'),
(2693, 195, 'Port Glaud'),
(2694, 195, 'Saint Louis'),
(2695, 195, 'Takamaka'),
(2696, 196, 'A`ali an Nil'),
(2697, 196, 'Al Bahr al Ahmar'),
(2698, 196, 'Al Buhayrat'),
(2699, 196, 'Al Jazirah'),
(2700, 196, 'Al Khartum'),
(2701, 196, 'Al Qadarif'),
(2702, 196, 'Al Wahdah'),
(2703, 196, 'An Nil al Abyad'),
(2704, 196, 'An Nil al Azraq'),
(2705, 196, 'Ash Shamaliyah'),
(2706, 196, 'Bahr al Jabal'),
(2707, 196, 'Gharb al Istiwa`iyah'),
(2708, 196, 'Gharb Bahr al Ghazal'),
(2709, 196, 'Gharb Darfur'),
(2710, 196, 'Gharb Kurdufan'),
(2711, 196, 'Janub Darfur'),
(2712, 196, 'Janub Kurdufan'),
(2713, 196, 'Junqali'),
(2714, 196, 'Kassala'),
(2715, 196, 'Nahr an Nil'),
(2716, 196, 'Shamal Bahr al Ghazal'),
(2717, 196, 'Shamal Darfur'),
(2718, 196, 'Shamal Kurdufan'),
(2719, 196, 'Sharq al Istiwa`iyah'),
(2720, 196, 'Sinnar'),
(2721, 196, 'Warab'),
(2722, 197, 'Blekinge'),
(2723, 197, 'Dalarna'),
(2724, 197, 'Gävleborg'),
(2725, 197, 'Gotland'),
(2726, 197, 'Halland'),
(2727, 197, 'Jämtland'),
(2728, 197, 'Jönköping'),
(2729, 197, 'Kalmar'),
(2730, 197, 'Kronoberg'),
(2731, 197, 'Norrbotten'),
(2732, 197, 'Örebro'),
(2733, 197, 'Östergötland'),
(2734, 197, 'Skåne'),
(2735, 197, 'Södermanland'),
(2736, 197, 'Stockholm'),
(2737, 197, 'Uppsala'),
(2738, 197, 'Värmland'),
(2739, 197, 'Västerbotten'),
(2740, 197, 'Västernorrland'),
(2741, 197, 'Västmanland'),
(2742, 197, 'Västra Götaland'),
(2743, 198, 'Aljunied Group Representation Constituency'),
(2744, 198, 'Ang Mo Kio Group Representation Constituency'),
(2745, 198, 'Bishan–Toa Payoh Group Representation Constituency'),
(2746, 198, 'Chua Chu Kang Group Representation Constituency'),
(2747, 198, 'East Coast Group Representation Constituency'),
(2748, 198, 'Holland–Bukit Timah Group Representation Constituency'),
(2749, 198, 'Jalan Besar Group Representation Constituency'),
(2750, 198, 'Jurong Group Representation Constituency'),
(2751, 198, 'Marine Parade Group Representation Constituency'),
(2752, 198, 'Marsiling–Yew Tee Group Representation Constituency'),
(2753, 198, 'Nee Soon Group Representation Constituency'),
(2754, 198, 'Pasir Ris–Punggol Group Representation Constituency'),
(2755, 198, 'Sengkang Group Representation Constituency'),
(2756, 198, 'Tampines Group Representation Constituency'),
(2757, 198, 'Tanjong Pagar Group Representation Constituency'),
(2758, 198, 'West Coast Group Representation Constituency'),
(2759, 200, 'Ajdovscina'),
(2760, 200, 'Beltinci'),
(2761, 200, 'Benedikt'),
(2762, 200, 'Bistrica ob Sotli'),
(2763, 200, 'Bled'),
(2764, 200, 'Bloke'),
(2765, 200, 'Bohinj'),
(2766, 200, 'Borovnica'),
(2767, 200, 'Bovec'),
(2768, 200, 'Braslovce'),
(2769, 200, 'Brda'),
(2770, 200, 'Brezice'),
(2771, 200, 'Brezovica'),
(2772, 200, 'Cankova'),
(2773, 200, 'Celje'),
(2774, 200, 'Cerklje na Gorenjskem'),
(2775, 200, 'Cerknica'),
(2776, 200, 'Cerkno'),
(2777, 200, 'Cerkvenjak'),
(2778, 200, 'Crensovci'),
(2779, 200, 'Crna na Koroskem'),
(2780, 200, 'Crnomelj'),
(2781, 200, 'Destrnik'),
(2782, 200, 'Divaca'),
(2783, 200, 'Dobje'),
(2784, 200, 'Dobrepolje'),
(2785, 200, 'Dobrna'),
(2786, 200, 'Dobrova-Horjul-Polhov Gradec'),
(2787, 200, 'Dobrovnik-Dobronak'),
(2788, 200, 'Dolenjske Toplice'),
(2789, 200, 'Dol pri Ljubljani'),
(2790, 200, 'Domzale'),
(2791, 200, 'Dornava'),
(2792, 200, 'Dravograd'),
(2793, 200, 'Duplek'),
(2794, 200, 'Gorenja Vas-Poljane'),
(2795, 200, 'Gorisnica'),
(2796, 200, 'Gornja Radgona'),
(2797, 200, 'Gornji Grad'),
(2798, 200, 'Gornji Petrovci'),
(2799, 200, 'Grad'),
(2800, 200, 'Grosuplje'),
(2801, 200, 'Hajdina'),
(2802, 200, 'Hoce-Slivnica'),
(2803, 200, 'Hodos-Hodos'),
(2804, 200, 'Horjul'),
(2805, 200, 'Hrastnik'),
(2806, 200, 'Hrpelje-Kozina'),
(2807, 200, 'Idrija'),
(2808, 200, 'Ig'),
(2809, 200, 'Ilirska Bistrica'),
(2810, 200, 'Ivancna Gorica'),
(2811, 200, 'Izola-Isola'),
(2812, 200, 'Jesenice'),
(2813, 200, 'Jezersko'),
(2814, 200, 'Jursinci'),
(2815, 200, 'Kamnik'),
(2816, 200, 'Kanal'),
(2817, 200, 'Kidricevo'),
(2818, 200, 'Kobarid'),
(2819, 200, 'Kobilje'),
(2820, 200, 'Kocevje'),
(2821, 200, 'Komen'),
(2822, 200, 'Komenda'),
(2823, 200, 'Koper-Capodistria'),
(2824, 200, 'Kostel'),
(2825, 200, 'Kozje'),
(2826, 200, 'Kranj'),
(2827, 200, 'Kranjska Gora'),
(2828, 200, 'Krizevci'),
(2829, 200, 'Krsko'),
(2830, 200, 'Kungota'),
(2831, 200, 'Kuzma'),
(2832, 200, 'Lasko'),
(2833, 200, 'Lenart'),
(2834, 200, 'Lendava-Lendva'),
(2835, 200, 'Litija'),
(2836, 200, 'Ljubljana'),
(2837, 200, 'Ljubno'),
(2838, 200, 'Ljutomer'),
(2839, 200, 'Logatec'),
(2840, 200, 'Loska Dolina'),
(2841, 200, 'Loski Potok'),
(2842, 200, 'Lovrenc na Pohorju'),
(2843, 200, 'Luce'),
(2844, 200, 'Lukovica'),
(2845, 200, 'Majsperk'),
(2846, 200, 'Maribor'),
(2847, 200, 'Markovci'),
(2848, 200, 'Medvode'),
(2849, 200, 'Menges'),
(2850, 200, 'Metlika'),
(2851, 200, 'Mezica'),
(2852, 200, 'Miklavz na Dravskem Polju'),
(2853, 200, 'Miren-Kostanjevica'),
(2854, 200, 'Mirna Pec'),
(2855, 200, 'Mislinja'),
(2856, 200, 'Moravce'),
(2857, 200, 'Moravske Toplice'),
(2858, 200, 'Mozirje'),
(2859, 200, 'Murska Sobota'),
(2860, 200, 'Muta'),
(2861, 200, 'Naklo'),
(2862, 200, 'Nazarje'),
(2863, 200, 'Nova Gorica'),
(2864, 200, 'Novo Mesto'),
(2865, 200, 'Odranci'),
(2866, 200, 'Oplotnica'),
(2867, 200, 'Ormoz'),
(2868, 200, 'Osilnica'),
(2869, 200, 'Pesnica'),
(2870, 200, 'Piran-Pirano'),
(2871, 200, 'Pivka'),
(2872, 200, 'Podcetrtek'),
(2873, 200, 'Podlehnik'),
(2874, 200, 'Podvelka'),
(2875, 200, 'Polzela'),
(2876, 200, 'Postojna'),
(2877, 200, 'Prebold'),
(2878, 200, 'Preddvor'),
(2879, 200, 'Prevalje'),
(2880, 200, 'Ptuj'),
(2881, 200, 'Puconci'),
(2882, 200, 'Race-Fram'),
(2883, 200, 'Radece'),
(2884, 200, 'Radenci'),
(2885, 200, 'Radlje ob Dravi'),
(2886, 200, 'Radovljica'),
(2887, 200, 'Ravne na Koroskem'),
(2888, 200, 'Razkrizje'),
(2889, 200, 'Ribnica'),
(2890, 200, 'Ribnica na Pohorju'),
(2891, 200, 'Rogasovci'),
(2892, 200, 'Rogaska Slatina'),
(2893, 200, 'Rogatec'),
(2894, 200, 'Ruse'),
(2895, 200, 'Salovci'),
(2896, 200, 'Selnica ob Dravi'),
(2897, 200, 'Semic'),
(2898, 200, 'Sempeter-Vrtojba'),
(2899, 200, 'Sencur'),
(2900, 200, 'Sentilj'),
(2901, 200, 'Sentjernej'),
(2902, 200, 'Sentjur pri Celju'),
(2903, 200, 'Sevnica'),
(2904, 200, 'Sezana'),
(2905, 200, 'Skocjan'),
(2906, 200, 'Skofja Loka'),
(2907, 200, 'Skofljica'),
(2908, 200, 'Slovenj Gradec'),
(2909, 200, 'Slovenska Bistrica'),
(2910, 200, 'Slovenske Konjice'),
(2911, 200, 'Smarje pri Jelsah'),
(2912, 200, 'Smartno ob Paki'),
(2913, 200, 'Smartno pri Litiji'),
(2914, 200, 'Sodrazica'),
(2915, 200, 'Solcava'),
(2916, 200, 'Sostanj'),
(2917, 200, 'Starse'),
(2918, 200, 'Store'),
(2919, 200, 'Sveta Ana'),
(2920, 200, 'Sveti Andraz v Slovenskih Goricah'),
(2921, 200, 'Sveti Jurij'),
(2922, 200, 'Tabor'),
(2923, 200, 'Tisina'),
(2924, 200, 'Tolmin'),
(2925, 200, 'Trbovlje'),
(2926, 200, 'Trebnje'),
(2927, 200, 'Trnovska Vas'),
(2928, 200, 'Trzic'),
(2929, 200, 'Trzin'),
(2930, 200, 'Turnisce'),
(2931, 200, 'Velenje'),
(2932, 200, 'Velika Polana'),
(2933, 200, 'Velike Lasce'),
(2934, 200, 'Verzej'),
(2935, 200, 'Videm'),
(2936, 200, 'Vipava'),
(2937, 200, 'Vitanje'),
(2938, 200, 'Vodice'),
(2939, 200, 'Vojnik'),
(2940, 200, 'Vransko'),
(2941, 200, 'Vrhnika'),
(2942, 200, 'Vuzenica'),
(2943, 200, 'Zagorje ob Savi'),
(2944, 200, 'Zalec'),
(2945, 200, 'Zavrc'),
(2946, 200, 'Zelezniki'),
(2947, 200, 'Zetale'),
(2948, 200, 'Ziri'),
(2949, 200, 'Zirovnica'),
(2950, 200, 'Zuzemberk'),
(2951, 200, 'Zrece'),
(2952, 202, 'Banskobystricky'),
(2953, 202, 'Bratislavsky'),
(2954, 202, 'Kosicky'),
(2955, 202, 'Nitriansky'),
(2956, 202, 'Presovsky'),
(2957, 202, 'Trenciansky'),
(2958, 202, 'Trnavsky'),
(2959, 202, 'Zilinsky'),
(2960, 203, 'Eastern Province'),
(2961, 203, 'Northern Province'),
(2962, 203, 'Southern Province'),
(2963, 203, 'North West Province'),
(2964, 203, 'Western Area'),
(2965, 204, 'Acquaviva'),
(2966, 204, 'Borgo Maggiore'),
(2967, 204, 'Chiesanuova'),
(2968, 204, 'Domagnano'),
(2969, 204, 'Faetano'),
(2970, 204, 'Fiorentino'),
(2971, 204, 'Montegiardino'),
(2972, 204, 'San Marino Citta'),
(2973, 204, 'Serravalle'),
(2974, 205, 'Dakar'),
(2975, 205, 'Diourbel'),
(2976, 205, 'Fatick'),
(2977, 205, 'Kaolack'),
(2978, 205, 'Kolda'),
(2979, 205, 'Louga'),
(2980, 205, 'Matam'),
(2981, 205, 'Saint-Louis'),
(2982, 205, 'Tambacounda'),
(2983, 205, 'Thies'),
(2984, 205, 'Ziguinchor'),
(2985, 206, 'Awdal'),
(2986, 206, 'Bakool'),
(2987, 206, 'Banaadir'),
(2988, 206, 'Bari'),
(2989, 206, 'Bay'),
(2990, 206, 'Galguduud'),
(2991, 206, 'Gedo'),
(2992, 206, 'Hiiraan'),
(2993, 206, 'Jubbada Dhexe'),
(2994, 206, 'Jubbada Hoose'),
(2995, 206, 'Mudug'),
(2996, 206, 'Nugaal'),
(2997, 206, 'Sanaag'),
(2998, 206, 'Shabeellaha Dhexe'),
(2999, 206, 'Shabeellaha Hoose'),
(3000, 206, 'Sool'),
(3001, 206, 'Togdheer'),
(3002, 206, 'Woqooyi Galbeed'),
(3003, 207, 'Brokopondo'),
(3004, 207, 'Commewijne'),
(3005, 207, 'Coronie'),
(3006, 207, 'Marowijne'),
(3007, 207, 'Nickerie'),
(3008, 207, 'Para'),
(3009, 207, 'Paramaribo'),
(3010, 207, 'Saramacca'),
(3011, 207, 'Sipaliwini'),
(3012, 207, 'Wanica'),
(3013, 210, 'Ahuachapan'),
(3014, 210, 'Cabanas'),
(3015, 210, 'Chalatenango'),
(3016, 210, 'Cuscatlan'),
(3017, 210, 'La Libertad'),
(3018, 210, 'La Paz'),
(3019, 210, 'La Union'),
(3020, 210, 'Morazan'),
(3021, 210, 'San Miguel'),
(3022, 210, 'San Salvador'),
(3023, 210, 'Santa Ana'),
(3024, 210, 'San Vicente'),
(3025, 210, 'Sonsonate'),
(3026, 210, 'Usulutan'),
(3027, 212, 'Al Hasakah'),
(3028, 212, 'Al Ladhiqiyah'),
(3029, 212, 'Al Qunaytirah'),
(3030, 212, 'Ar Raqqah'),
(3031, 212, 'As Suwayda'),
(3032, 212, 'Dar`a'),
(3033, 212, 'Dayr az Zawr'),
(3034, 212, 'Dimashq'),
(3035, 212, 'Halab'),
(3036, 212, 'Hamah'),
(3037, 212, 'Hims'),
(3038, 212, 'Idlib'),
(3039, 212, 'Rif Dimashq'),
(3040, 212, 'Tartus'),
(3041, 213, 'Hhohho'),
(3042, 213, 'Lubombo'),
(3043, 213, 'Manzini'),
(3044, 213, 'Shiselweni'),
(3045, 215, 'Batha'),
(3046, 215, 'Biltine'),
(3047, 215, 'Borkou-Ennedi-Tibesti'),
(3048, 215, 'Chari-Baguirmi'),
(3049, 215, 'Guéra'),
(3050, 215, 'Kanem'),
(3051, 215, 'Lac'),
(3052, 215, 'Logone Occidental'),
(3053, 215, 'Logone Oriental'),
(3054, 215, 'Mayo-Kebbi'),
(3055, 215, 'Moyen-Chari'),
(3056, 215, 'Ouaddaï'),
(3057, 215, 'Salamat'),
(3058, 215, 'Tandjile'),
(3059, 217, 'Kara'),
(3060, 217, 'Plateaux'),
(3061, 217, 'Savanes'),
(3062, 217, 'Centrale'),
(3063, 217, 'Maritime'),
(3064, 218, 'Amnat Charoen'),
(3065, 218, 'Ang Thong'),
(3066, 218, 'Buriram'),
(3067, 218, 'Chachoengsao'),
(3068, 218, 'Chai Nat'),
(3069, 218, 'Chaiyaphum'),
(3070, 218, 'Chanthaburi'),
(3071, 218, 'Chiang Mai'),
(3072, 218, 'Chiang Rai'),
(3073, 218, 'Chon Buri'),
(3074, 218, 'Chumphon'),
(3075, 218, 'Kalasin'),
(3076, 218, 'Kamphaeng Phet'),
(3077, 218, 'Kanchanaburi'),
(3078, 218, 'Khon Kaen'),
(3079, 218, 'Krabi'),
(3080, 218, 'Krung Thep Mahanakhon'),
(3081, 218, 'Lampang'),
(3082, 218, 'Lamphun'),
(3083, 218, 'Loei'),
(3084, 218, 'Lop Buri'),
(3085, 218, 'Mae Hong Son'),
(3086, 218, 'Maha Sarakham'),
(3087, 218, 'Mukdahan'),
(3088, 218, 'Nakhon Nayok'),
(3089, 218, 'Nakhon Pathom'),
(3090, 218, 'Nakhon Phanom'),
(3091, 218, 'Nakhon Ratchasima'),
(3092, 218, 'Nakhon Sawan'),
(3093, 218, 'Nakhon Si Thammarat'),
(3094, 218, 'Nan'),
(3095, 218, 'Narathiwat'),
(3096, 218, 'Nong Bua Lamphu'),
(3097, 218, 'Nong Khai'),
(3098, 218, 'Nonthaburi'),
(3099, 218, 'Pathum Thani'),
(3100, 218, 'Pattani'),
(3101, 218, 'Phangnga'),
(3102, 218, 'Phatthalung'),
(3103, 218, 'Phayao'),
(3104, 218, 'Phetchabun'),
(3105, 218, 'Phetchaburi'),
(3106, 218, 'Phichit'),
(3107, 218, 'Phitsanulok'),
(3108, 218, 'Phra Nakhon Si Ayutthaya'),
(3109, 218, 'Phrae'),
(3110, 218, 'Phuket'),
(3111, 218, 'Prachin Buri'),
(3112, 218, 'Prachuap Khiri Khan'),
(3113, 218, 'Ranong'),
(3114, 218, 'Ratchaburi'),
(3115, 218, 'Rayong'),
(3116, 218, 'Roi Et'),
(3117, 218, 'Sa Kaeo'),
(3118, 218, 'Sakon Nakhon'),
(3119, 218, 'Samut Prakan'),
(3120, 218, 'Samut Sakhon'),
(3121, 218, 'Samut Songkhram'),
(3122, 218, 'Sara Buri'),
(3123, 218, 'Satun'),
(3124, 218, 'Sing Buri'),
(3125, 218, 'Sisaket'),
(3126, 218, 'Songkhla'),
(3127, 218, 'Sukhothai'),
(3128, 218, 'Suphan Buri'),
(3129, 218, 'Surat Thani'),
(3130, 218, 'Surin'),
(3131, 218, 'Tak'),
(3132, 218, 'Trang'),
(3133, 218, 'Trat'),
(3134, 218, 'Ubon Ratchathani'),
(3135, 218, 'Udon Thani'),
(3136, 218, 'Uthai Thani'),
(3137, 218, 'Uttaradit'),
(3138, 218, 'Yala'),
(3139, 218, 'Yasothon'),
(3140, 219, 'Sughd Region'),
(3141, 219, 'Districts of Republican Subordination'),
(3142, 219, 'Khatlon Region'),
(3143, 219, 'Gorno-Badakhshan Autonomous Region'),
(3144, 219, 'Dushanbe'),
(3145, 221, 'Aileu'),
(3146, 221, 'Ainaro'),
(3147, 221, 'Baucau'),
(3148, 221, 'Bobonaro'),
(3149, 221, 'Cova-Lima'),
(3150, 221, 'Dili'),
(3151, 221, 'Ermera'),
(3152, 221, 'Lautem'),
(3153, 221, 'Liquica'),
(3154, 221, 'Manatuto'),
(3155, 221, 'Manufahi'),
(3156, 221, 'Oecussi'),
(3157, 221, 'Viqueque'),
(3158, 222, 'Ahal Welayaty (Ashgabat)'),
(3159, 222, 'Balkan Welayaty (Balkanabat)'),
(3160, 222, 'Dashoguz Welayaty'),
(3161, 222, 'Lebap Welayaty (Turkmenabat)'),
(3162, 222, 'Mary Welayaty'),
(3163, 223, 'Ariana (Aryanah)'),
(3164, 223, 'Beja (Bajah)'),
(3165, 223, 'Ben Arous (Bin `Arus)'),
(3166, 223, 'Bizerte (Banzart)'),
(3167, 223, 'Gabes (Qabis)'),
(3168, 223, 'Gafsa (Qafsah)'),
(3169, 223, 'Jendouba (Jundubah)'),
(3170, 223, 'Kairouan (Al Qayrawan)'),
(3171, 223, 'Kasserine (Al Qasrayn)'),
(3172, 223, 'Kebili (Qibili)'),
(3173, 223, 'Kef (Al Kaf)'),
(3174, 223, 'Mahdia (Al Mahdiyah)'),
(3175, 223, 'Manouba (Manubah)'),
(3176, 223, 'Medenine (Madanin)'),
(3177, 223, 'Monastir (Al Munastir)'),
(3178, 223, 'Nabeul (Nabul)'),
(3179, 223, 'Sfax (Safaqis)'),
(3180, 223, 'Sidi Bou Zid (Sidi Bu Zayd)'),
(3181, 223, 'Siliana (Silyanah)'),
(3182, 223, 'Sousse (Susah)'),
(3183, 223, 'Tataouine (Tatawin)'),
(3184, 223, 'Tozeur (Tawzar)'),
(3185, 223, 'Tunis'),
(3186, 223, 'Zaghouan (Zaghwan)'),
(3187, 224, 'Tongatapu'),
(3188, 224, 'Vavaʻu'),
(3189, 224, 'Haʻapai'),
(3190, 224, 'ʻEua'),
(3191, 224, 'Ongo Niua'),
(3192, 224, 'Tonga'),
(3193, 225, 'Adana'),
(3194, 225, 'Adiyaman'),
(3195, 225, 'Afyonkarahisar'),
(3196, 225, 'Agri'),
(3197, 225, 'Aksaray'),
(3198, 225, 'Amasya'),
(3199, 225, 'Ankara'),
(3200, 225, 'Antalya'),
(3201, 225, 'Ardahan'),
(3202, 225, 'Artvin'),
(3203, 225, 'Aydin'),
(3204, 225, 'Balikesir'),
(3205, 225, 'Bartin'),
(3206, 225, 'Batman'),
(3207, 225, 'Bayburt'),
(3208, 225, 'Bilecik'),
(3209, 225, 'Bingol'),
(3210, 225, 'Bitlis'),
(3211, 225, 'Bolu'),
(3212, 225, 'Burdur'),
(3213, 225, 'Bursa'),
(3214, 225, 'Canakkale'),
(3215, 225, 'Cankiri'),
(3216, 225, 'Corum'),
(3217, 225, 'Denizli'),
(3218, 225, 'Diyarbakir'),
(3219, 225, 'Duzce'),
(3220, 225, 'Edirne'),
(3221, 225, 'Elazig'),
(3222, 225, 'Erzincan'),
(3223, 225, 'Erzurum'),
(3224, 225, 'Eskisehir'),
(3225, 225, 'Gaziantep'),
(3226, 225, 'Giresun'),
(3227, 225, 'Gumushane'),
(3228, 225, 'Hakkari'),
(3229, 225, 'Hatay'),
(3230, 225, 'Igdir'),
(3231, 225, 'Isparta'),
(3232, 225, 'Istanbul'),
(3233, 225, 'Izmir'),
(3234, 225, 'Kahramanmaras'),
(3235, 225, 'Karabuk'),
(3236, 225, 'Karaman'),
(3237, 225, 'Kars'),
(3238, 225, 'Kastamonu'),
(3239, 225, 'Kayseri'),
(3240, 225, 'Kilis'),
(3241, 225, 'Kirikkale'),
(3242, 225, 'Kirklareli'),
(3243, 225, 'Kirsehir'),
(3244, 225, 'Kocaeli'),
(3245, 225, 'Konya'),
(3246, 225, 'Kutahya'),
(3247, 225, 'Malatya'),
(3248, 225, 'Manisa'),
(3249, 225, 'Mardin'),
(3250, 225, 'Mersin'),
(3251, 225, 'Mugla'),
(3252, 225, 'Mus'),
(3253, 225, 'Nevsehir'),
(3254, 225, 'Nigde'),
(3255, 225, 'Ordu'),
(3256, 225, 'Osmaniye'),
(3257, 225, 'Rize'),
(3258, 225, 'Sakarya'),
(3259, 225, 'Samsun'),
(3260, 225, 'Sanliurfa'),
(3261, 225, 'Siirt'),
(3262, 225, 'Sinop'),
(3263, 225, 'Sirnak'),
(3264, 225, 'Sivas'),
(3265, 225, 'Tekirdag'),
(3266, 225, 'Tokat'),
(3267, 225, 'Trabzon'),
(3268, 225, 'Tunceli'),
(3269, 225, 'Usak'),
(3270, 225, 'Van'),
(3271, 225, 'Yalova'),
(3272, 225, 'Yozgat'),
(3273, 225, 'Zonguldak'),
(3274, 226, 'Couva'),
(3275, 226, 'Diego Martin'),
(3276, 226, 'Mayaro'),
(3277, 226, 'Penal'),
(3278, 226, 'Princes Town'),
(3279, 226, 'Sangre Grande'),
(3280, 226, 'San Juan'),
(3281, 226, 'Siparia'),
(3282, 226, 'Tunapuna'),
(3283, 226, 'Port-of-Spain'),
(3284, 226, 'San Fernando'),
(3285, 226, 'Arima'),
(3286, 226, 'Point Fortin'),
(3287, 226, 'Chaguanas'),
(3288, 226, 'Tobago'),
(3289, 228, 'Chang-hua'),
(3290, 228, 'Chia-i'),
(3291, 228, 'Hsin-chu'),
(3292, 228, 'Hua-lien'),
(3293, 228, 'I-lan'),
(3294, 228, 'Kao-hsiung'),
(3295, 228, 'Kin-men'),
(3296, 228, 'Lien-chiang'),
(3297, 228, 'Miao-li'),
(3298, 228, 'Nan-t`ou'),
(3299, 228, 'P`eng-hu'),
(3300, 228, 'P`ing-tung'),
(3301, 228, 'T`ai-chung'),
(3302, 228, 'T`ai-nan'),
(3303, 228, 'T`ai-pei'),
(3304, 228, 'T`ai-tung'),
(3305, 228, 'T`ao-yuan'),
(3306, 228, 'Yun-lin'),
(3307, 228, 'Chia-i'),
(3308, 228, 'Chi-lung'),
(3309, 228, 'Hsin-chu'),
(3310, 228, 'T`ai-chung'),
(3311, 228, 'T`ai-nan'),
(3312, 228, 'Kao-hsiung city'),
(3313, 228, 'T`ai-pei city'),
(3314, 229, 'Arusha'),
(3315, 229, 'Dar es Salaam'),
(3316, 229, 'Dodoma'),
(3317, 229, 'Iringa'),
(3318, 229, 'Kagera'),
(3319, 229, 'Kigoma'),
(3320, 229, 'Kilimanjaro'),
(3321, 229, 'Lindi'),
(3322, 229, 'Manyara'),
(3323, 229, 'Mara'),
(3324, 229, 'Mbeya'),
(3325, 229, 'Morogoro'),
(3326, 229, 'Mtwara'),
(3327, 229, 'Mwanza'),
(3328, 229, 'Pemba North'),
(3329, 229, 'Pemba South'),
(3330, 229, 'Pwani'),
(3331, 229, 'Rukwa'),
(3332, 229, 'Ruvuma'),
(3333, 229, 'Shinyanga'),
(3334, 229, 'Singida'),
(3335, 229, 'Tabora'),
(3336, 229, 'Tanga'),
(3337, 229, 'Zanzibar Central/South'),
(3338, 229, 'Zanzibar North'),
(3339, 229, 'Zanzibar Urban/West'),
(3340, 230, 'Cherkasy'),
(3341, 230, 'Chernihiv'),
(3342, 230, 'Chernivtsi'),
(3343, 230, 'Crimea'),
(3344, 230, 'Dnipropetrovs`k'),
(3345, 230, 'Donets`k'),
(3346, 230, 'Ivano-Frankivs`k'),
(3347, 230, 'Kharkiv'),
(3348, 230, 'Kherson'),
(3349, 230, 'Khmel`nyts`kyy'),
(3350, 230, 'Kirovohrad'),
(3351, 230, 'Kiev'),
(3352, 230, 'Kyyiv'),
(3353, 230, 'Luhans`k'),
(3354, 230, 'L`viv'),
(3355, 230, 'Mykolayiv'),
(3356, 230, 'Odesa'),
(3357, 230, 'Poltava'),
(3358, 230, 'Rivne'),
(3359, 230, 'Sevastopol'),
(3360, 230, 'Sumy'),
(3361, 230, 'Ternopil'),
(3362, 230, 'Vinnytsya'),
(3363, 230, 'Volyn'),
(3364, 230, 'Zakarpattya'),
(3365, 230, 'Zaporizhzhya'),
(3366, 230, 'Zhytomyr'),
(3367, 231, 'Adjumani'),
(3368, 231, 'Apac'),
(3369, 231, 'Arua'),
(3370, 231, 'Bugiri'),
(3371, 231, 'Bundibugyo'),
(3372, 231, 'Bushenyi'),
(3373, 231, 'Busia'),
(3374, 231, 'Gulu'),
(3375, 231, 'Hoima'),
(3376, 231, 'Iganga'),
(3377, 231, 'Jinja'),
(3378, 231, 'Kabale'),
(3379, 231, 'Kabarole'),
(3380, 231, 'Kaberamaido'),
(3381, 231, 'Kalangala'),
(3382, 231, 'Kampala'),
(3383, 231, 'Kamuli'),
(3384, 231, 'Kamwenge'),
(3385, 231, 'Kanungu'),
(3386, 231, 'Kapchorwa'),
(3387, 231, 'Kasese'),
(3388, 231, 'Katakwi'),
(3389, 231, 'Kayunga'),
(3390, 231, 'Kibale'),
(3391, 231, 'Kiboga'),
(3392, 231, 'Kisoro'),
(3393, 231, 'Kitgum'),
(3394, 231, 'Kotido'),
(3395, 231, 'Kumi'),
(3396, 231, 'Kyenjojo'),
(3397, 231, 'Lira'),
(3398, 231, 'Luwero'),
(3399, 231, 'Masaka'),
(3400, 231, 'Masindi'),
(3401, 231, 'Mayuge'),
(3402, 231, 'Mbale'),
(3403, 231, 'Mbarara'),
(3404, 231, 'Moroto'),
(3405, 231, 'Moyo'),
(3406, 231, 'Mpigi'),
(3407, 231, 'Mubende'),
(3408, 231, 'Mukono'),
(3409, 231, 'Nakapiripirit'),
(3410, 231, 'Nakasongola'),
(3411, 231, 'Nebbi'),
(3412, 231, 'Ntungamo'),
(3413, 231, 'Pader'),
(3414, 231, 'Pallisa'),
(3415, 231, 'Rakai'),
(3416, 231, 'Rukungiri'),
(3417, 231, 'Sembabule'),
(3418, 231, 'Sironko'),
(3419, 231, 'Soroti'),
(3420, 231, 'Tororo'),
(3421, 231, 'Wakiso'),
(3422, 231, 'Yumbe'),
(3423, 233, 'Alabama'),
(3424, 233, 'Alaska'),
(3425, 233, 'Arizona'),
(3426, 233, 'Arkansas'),
(3427, 233, 'California'),
(3428, 233, 'Colorado'),
(3429, 233, 'Connecticut'),
(3430, 233, 'Delaware'),
(3431, 233, 'District of Columbia'),
(3432, 233, 'Florida'),
(3433, 233, 'Georgia'),
(3434, 233, 'Hawaii'),
(3435, 233, 'Idaho'),
(3436, 233, 'Illinois'),
(3437, 233, 'Indiana'),
(3438, 233, 'Iowa'),
(3439, 233, 'Kansas'),
(3440, 233, 'Kentucky'),
(3441, 233, 'Louisiana'),
(3442, 233, 'Maine'),
(3443, 233, 'Maryland'),
(3444, 233, 'Massachusetts'),
(3445, 233, 'Michigan'),
(3446, 233, 'Minnesota'),
(3447, 233, 'Mississippi'),
(3448, 233, 'Missouri'),
(3449, 233, 'Montana'),
(3450, 233, 'Nebraska'),
(3451, 233, 'Nevada'),
(3452, 233, 'New Hampshire'),
(3453, 233, 'New Jersey'),
(3454, 233, 'New Mexico'),
(3455, 233, 'New York'),
(3456, 233, 'North Carolina'),
(3457, 233, 'North Dakota'),
(3458, 233, 'Ohio'),
(3459, 233, 'Oklahoma'),
(3460, 233, 'Oregon'),
(3461, 233, 'Pennsylvania'),
(3462, 233, 'Rhode Island'),
(3463, 233, 'South Carolina'),
(3464, 233, 'South Dakota'),
(3465, 233, 'Tennessee'),
(3466, 233, 'Texas'),
(3467, 233, 'Utah'),
(3468, 233, 'Vermont'),
(3469, 233, 'Virginia'),
(3470, 233, 'Washington'),
(3471, 233, 'West Virginia'),
(3472, 233, 'Wisconsin'),
(3473, 233, 'Wyoming'),
(3474, 234, 'Artigas'),
(3475, 234, 'Canelones'),
(3476, 234, 'Cerro Largo'),
(3477, 234, 'Colonia'),
(3478, 234, 'Durazno'),
(3479, 234, 'Flores'),
(3480, 234, 'Florida'),
(3481, 234, 'Lavalleja'),
(3482, 234, 'Maldonado'),
(3483, 234, 'Montevideo'),
(3484, 234, 'Paysandu'),
(3485, 234, 'Rio Negro'),
(3486, 234, 'Rivera'),
(3487, 234, 'Rocha'),
(3488, 234, 'Salto'),
(3489, 234, 'San Jose'),
(3490, 234, 'Soriano'),
(3491, 234, 'Tacuarembo'),
(3492, 234, 'Treinta y Tres'),
(3493, 235, 'Andijon Viloyati'),
(3494, 235, 'Buxoro Viloyati'),
(3495, 235, 'Farg`ona Viloyati'),
(3496, 235, 'Jizzax Viloyati'),
(3497, 235, 'Namangan Viloyati'),
(3498, 235, 'Navoiy Viloyati'),
(3499, 235, 'Qashqadaryo Viloyati'),
(3500, 235, 'Qaraqalpog`iston Respublikasi'),
(3501, 235, 'Samarqand Viloyati'),
(3502, 235, 'Sirdaryo Viloyati'),
(3503, 235, 'Surxondaryo Viloyati'),
(3504, 235, 'Toshkent Shahri'),
(3505, 235, 'Toshkent Viloyati'),
(3506, 235, 'Xorazm Viloyati'),
(3507, 238, 'Amazonas'),
(3508, 238, 'Anzoategui'),
(3509, 238, 'Apure'),
(3510, 238, 'Aragua'),
(3511, 238, 'Barinas'),
(3512, 238, 'Bolivar'),
(3513, 238, 'Carabobo'),
(3514, 238, 'Cojedes'),
(3515, 238, 'Delta Amacuro'),
(3516, 238, 'Dependencias Federales'),
(3517, 238, 'Distrito Federal'),
(3518, 238, 'Falcon'),
(3519, 238, 'Guarico'),
(3520, 238, 'Lara'),
(3521, 238, 'Merida'),
(3522, 238, 'Miranda'),
(3523, 238, 'Monagas'),
(3524, 238, 'Nueva Esparta'),
(3525, 238, 'Portuguesa'),
(3526, 238, 'Sucre'),
(3527, 238, 'Tachira'),
(3528, 238, 'Trujillo'),
(3529, 238, 'Vargas'),
(3530, 238, 'Yaracuy'),
(3531, 238, 'Zulia'),
(3532, 241, 'An Giang'),
(3533, 241, 'Bac Giang'),
(3534, 241, 'Bac Kan'),
(3535, 241, 'Bac Lieu'),
(3536, 241, 'Bac Ninh'),
(3537, 241, 'Ba Ria-Vung Tau'),
(3538, 241, 'Ben Tre'),
(3539, 241, 'Binh Dinh'),
(3540, 241, 'Binh Duong'),
(3541, 241, 'Binh Phuoc'),
(3542, 241, 'Binh Thuan'),
(3543, 241, 'Ca Mau'),
(3544, 241, 'Cao Bang'),
(3545, 241, 'Dac Lak'),
(3546, 241, 'Dac Nong'),
(3547, 241, 'Dien Bien'),
(3548, 241, 'Dong Nai'),
(3549, 241, 'Dong Thap'),
(3550, 241, 'Gia Lai'),
(3551, 241, 'Ha Giang'),
(3552, 241, 'Hai Duong'),
(3553, 241, 'Ha Nam'),
(3554, 241, 'Ha Tay'),
(3555, 241, 'Ha Tinh'),
(3556, 241, 'Hau Giang'),
(3557, 241, 'Hoa Binh'),
(3558, 241, 'Hung Yen'),
(3559, 241, 'Khanh Hoa'),
(3560, 241, 'Kien Giang'),
(3561, 241, 'Kon Tum'),
(3562, 241, 'Lai Chau'),
(3563, 241, 'Lam Dong'),
(3564, 241, 'Lang Son'),
(3565, 241, 'Lao Cai'),
(3566, 241, 'Long An'),
(3567, 241, 'Nam Dinh'),
(3568, 241, 'Nghe An'),
(3569, 241, 'Ninh Binh'),
(3570, 241, 'Ninh Thuan'),
(3571, 241, 'Phu Tho'),
(3572, 241, 'Phu Yen'),
(3573, 241, 'Quang Binh'),
(3574, 241, 'Quang Nam'),
(3575, 241, 'Quang Ngai'),
(3576, 241, 'Quang Ninh'),
(3577, 241, 'Quang Tri'),
(3578, 241, 'Soc Trang'),
(3579, 241, 'Son La'),
(3580, 241, 'Tay Ninh'),
(3581, 241, 'Thai Binh'),
(3582, 241, 'Thai Nguyen'),
(3583, 241, 'Thanh Hoa'),
(3584, 241, 'Thua Thien-Hue'),
(3585, 241, 'Tien Giang'),
(3586, 241, 'Tra Vinh'),
(3587, 241, 'Tuyen Quang'),
(3588, 241, 'Vinh Long'),
(3589, 241, 'Vinh Phuc'),
(3590, 241, 'Yen Bai'),
(3591, 241, 'Can Tho'),
(3592, 241, 'Da Nang'),
(3593, 241, 'Hai Phong'),
(3594, 241, 'Hanoi'),
(3595, 241, 'Ho Chi Minh'),
(3596, 242, 'Malampa'),
(3597, 242, 'Penama'),
(3598, 242, 'Sanma'),
(3599, 242, 'Shefa'),
(3600, 242, 'Tafea'),
(3601, 242, 'Torba'),
(3602, 244, 'A`ana'),
(3603, 244, 'Aiga-i-le-Tai'),
(3604, 244, 'Atua'),
(3605, 244, 'Fa`saleleaga'),
(3606, 244, 'Gaga`mauga'),
(3607, 244, 'Gagaifomauga'),
(3608, 244, 'Palauli'),
(3609, 244, 'Satupa`tea'),
(3610, 244, 'Tuamasaga'),
(3611, 244, 'Va`-o-Fonoti'),
(3612, 244, 'Vaisigano'),
(3613, 245, 'Ferizaj'),
(3614, 245, 'Gjakova'),
(3615, 245, 'Gjilan'),
(3616, 245, 'Mitrovica'),
(3617, 245, 'Peja'),
(3618, 245, 'Pristina'),
(3619, 245, 'Prizren'),
(3620, 246, 'Abyan'),
(3621, 246, 'Adan'),
(3622, 246, 'Ad Dali'),
(3623, 246, 'Al Bayda'),
(3624, 246, 'Al Hudaydah'),
(3625, 246, 'Al Jawf'),
(3626, 246, 'Al Mahrah'),
(3627, 246, 'Al Mahwit'),
(3628, 246, 'Amran'),
(3629, 246, 'Dhamar'),
(3630, 246, 'Hadramawt'),
(3631, 246, 'Hajjah'),
(3632, 246, 'Ibb'),
(3633, 246, 'Lahij'),
(3634, 246, 'Ma`rib'),
(3635, 246, 'Sa`dah'),
(3636, 246, 'San`a'),
(3637, 246, 'Shabwah'),
(3638, 246, 'Ta`izz'),
(3639, 248, 'Eastern Cape'),
(3640, 248, 'Free State'),
(3641, 248, 'Gauteng'),
(3642, 248, 'KwaZulu-Natal'),
(3643, 248, 'Limpopo'),
(3644, 248, 'Mpumalanga'),
(3645, 248, 'North-West'),
(3646, 248, 'Northern Cape'),
(3647, 248, 'Western Cape'),
(3648, 249, 'Central'),
(3649, 249, 'Copperbelt'),
(3650, 249, 'Eastern'),
(3651, 249, 'Luapula'),
(3652, 249, 'Lusaka'),
(3653, 249, 'Northern'),
(3654, 249, 'North-Western'),
(3655, 249, 'Southern'),
(3656, 249, 'Western'),
(3657, 250, 'Bulawayo'),
(3658, 250, 'Harare'),
(3659, 250, 'Manicaland'),
(3660, 250, 'Mashonaland Central'),
(3661, 250, 'Mashonaland East'),
(3662, 250, 'Mashonaland West'),
(3663, 250, 'Masvingo'),
(3664, 250, 'Matabeleland North'),
(3665, 250, 'Matabeleland South'),
(3666, 250, 'Midlands');

--
-- SQLINES DEMO ***  `ref_country_states`
--
CREATE INDEX idx_country_id ON ref_country_states (country_id);

--
-- SQLINES DEMO *** r dumped tables
--

-- Create the sequence if it does not exist
CREATE SEQUENCE IF NOT EXISTS ref_countries_id_seq START WITH 251;

-- Attach it to the id column
ALTER TABLE ref_countries
  ALTER COLUMN id SET DEFAULT nextval('ref_countries_id_seq');

-- Ensure the sequence is correctly owned by the column
ALTER SEQUENCE ref_countries_id_seq OWNED BY ref_countries.id;

CREATE SEQUENCE IF NOT EXISTS ref_country_states_id_seq START WITH 3667;

ALTER TABLE ref_country_states
  ALTER COLUMN id SET DEFAULT nextval('ref_country_states_id_seq');

ALTER SEQUENCE ref_country_states_id_seq OWNED BY ref_country_states.id;

CREATE SEQUENCE IF NOT EXISTS ref_languages_id_seq START WITH 115;

ALTER TABLE ref_languages
  ALTER COLUMN id SET DEFAULT nextval('ref_languages_id_seq');

ALTER SEQUENCE ref_languages_id_seq OWNED BY ref_languages.id;



ALTER TABLE ref_country_states
  ADD CONSTRAINT ref_country_states_fk FOREIGN KEY (country_id)
  REFERENCES ref_countries (id)
  ON DELETE CASCADE ON UPDATE CASCADE;






/* SQLINES DEMO ***  * * * * * * * * * * * * * * * * * * * * * * * *
 *
 * ADD ON REFERENCES
 *
 * * * * * * * * * * * * * * * * * * * * * * * * * * * * *
 *
 */

-- SQLINES DEMO *** ---------------------------------------

--
-- SQLINES DEMO *** or table `ref_disabilities`
--

CREATE TABLE ref_disabilities (
  id SMALLSERIAL PRIMARY KEY,  -- SQLINES DEMO *** UNSIGNED with SMALLSERIAL for auto-increment
  name VARCHAR(191) NOT NULL
);


CREATE TABLE ref_salaries (
  id SMALLINT PRIMARY KEY, -- ID tanpa auto-increment
  name VARCHAR(191) NOT NULL
);

--
-- Dumping data for table `ref_salaries`
--

INSERT INTO ref_salaries (id, name) VALUES
(1, '<=  RP 500.000'),
(2, 'RP 500.001 - RP 1.000.000'),
(3, 'RP 1.000.001 - RP 2.000.000'),
(4, 'RP 2.000.001 - RP 3.000.000'),
(5, 'RP 3.000.001 - RP 5.000.000'),
(6, '> RP 5.000.000');

--
-- SQLINES DEMO *** table `ref_disabilities`
--

INSERT INTO ref_disabilities (id, name) VALUES
(1, 'TUNA RUNGU'),
(2, 'TUNA NETRA'),
(3, 'TUNA DAKSA'),
(4, 'TUNA GRAHITA'),
(5, 'TUNA LARAS'),
(6, 'LAMBAN BELAJAR'),
(7, 'SULIT BELAJAR'),
(8, 'GANGGUAN KOMUNIKASI'),
(9, 'BAKAT LUAR BIASA');

-- SQLINES DEMO *** ---------------------------------------

--
-- SQLINES DEMO *** or table `ref_employments`
--

CREATE TABLE ref_employments (
  id SMALLSERIAL PRIMARY KEY,  -- SQLINES DEMO *** increments
  name VARCHAR(191) NOT NULL
);


--
-- SQLINES DEMO *** table `ref_employments`
--

INSERT INTO ref_employments (id, name) VALUES
(1, 'TIDAK BEKERJA'),
(2, 'PENSIUNAN/ALMARHUM'),
(3, 'PNS'),
(4, 'TNI/POLISI'),
(5, 'GURU/DOSEN'),
(6, 'PEGAWAI SWASTA'),
(7, 'PENGUSAHA/WIRASWASTA'),
(8, 'PENGACARA/HAKIM/JAKSA/NOTARIS'),
(9, 'SENIMAN/PELUKIS/ARTIS/SEJENIS'),
(10, 'DOKTER/BIDAN/PERAWAT'),
(11, 'PILOT/PRAMUGARI'),
(12, 'PEDAGANG'),
(13, 'PETANI/PETERNAK'),
(14, 'NELAYAN'),
(15, 'BURUH (TANI/PABRIK/BANGUNAN)'),
(16, 'SOPIR/MASINIS/KONDEKTUR'),
(17, 'POLITIKUS'),
(18, 'LAINNYA');

-- SQLINES DEMO *** ---------------------------------------

--
-- SQLINES DEMO *** or table `ref_grades`
--

CREATE TABLE ref_grades (
  id SMALLSERIAL PRIMARY KEY,  -- SQLINES DEMO ***  small integer
  name VARCHAR(191) NOT NULL
);


--
-- SQLINES DEMO *** table `ref_grades`
--

INSERT INTO ref_grades (id, name) VALUES
(1, 'PAUD/SEDERAJAT'),
(2, 'TK/RA/SEDERAJAT'),
(3, 'SD/MI/SEDERAJAT'),
(4, 'SLTP/SMP/MTS/SEDERAJAT'),
(5, 'SLTA/SMA/MA/SEDERAJAT'),
(6, 'Diploma I'),
(7, 'Diploma II'),
(8, 'Diploma III'),
(9, 'Diploma IV'),
(10, 'Strata I'),
(11, 'Strata II'),
(12, 'Strata III');

COMMIT;
